"Sim.ID","Region","Dist.to.Margin","Necrotic.Fraction","Location","Num.Driver","Num.Driver.SCNA"
"137180","R1",8.94,0,"At.Margin",6,3
"137180","R2",12.37,0.35,"At.Centre",9,6
"137180","R3",6.71,0,"At.Margin",9,5
"137180","R4",11.66,0.1,"At.Centre",8,3
"137180","R5",25.94,0.71,"At.Centre",6,3
"137180","R6",32.14,0.51,"At.Centre",8,6
"137180","R7",21.93,0.56,"At.Centre",12,6
"137180","R8",4.12,0,"At.Margin",6,3
"137180","R9",21.84,0.58,"At.Centre",6,3
"137180","R10",39.4,0.47,"At.Centre",8,4
"137180","R11",43.93,0.56,"At.Centre",25,14
"137180","R13",8.06,0.08,"At.Margin",3,1
"137180","R14",20.88,0.56,"At.Centre",6,3
"137180","R15",39.92,0.52,"At.Centre",9,5
"137180","R16",36.77,0.51,"At.Centre",25,13
"137180","R18",24.35,0.85,"At.Centre",5,2
"137180","R19",6,0,"At.Margin",4,2
"137180","R20",12.21,0.14,"At.Centre",6,4
"137180","R21",26.4,0.49,"At.Centre",8,4
"137180","R22",26.68,0.58,"At.Centre",8,4
"137180","R23",8.49,0.03,"At.Margin",3,1
"137180","R24",10.2,0,"At.Centre",5,3
"137180","R25",9.22,0,"At.Margin",8,4
"137180","R26",10,0.03,"At.Margin",9,5
"137184","R1",13.42,0.16,"At.Centre",6,3
"137184","R2",8.94,0.01,"At.Margin",6,3
"137184","R3",15.81,0.41,"At.Centre",7,2
"137184","R4",31.62,0.59,"At.Centre",7,4
"137184","R5",25.06,0.92,"At.Centre",4,2
"137184","R6",18.97,0.95,"At.Centre",2,1
"137184","R7",3.61,0,"At.Margin",3,1
"137184","R8",21.84,0.51,"At.Centre",9,4
"137184","R9",41.23,0.48,"At.Centre",9,5
"137184","R10",43.66,0.44,"At.Centre",26,14
"137184","R11",28.28,0.96,"At.Centre",4,2
"137184","R12",8.94,0.01,"At.Margin",2,1
"137184","R13",17.09,0.41,"At.Centre",7,4
"137184","R14",35.38,0.48,"At.Centre",8,5
"137184","R15",48.84,0.48,"At.Centre",18,11
"137184","R16",36.62,0.51,"At.Centre",5,3
"137184","R17",20,0.56,"At.Centre",4,2
"137184","R18",7.21,0.01,"At.Margin",7,4
"137184","R19",22.02,0.52,"At.Centre",4,2
"137184","R20",29.41,0.51,"At.Centre",9,6
"137184","R21",23.77,0.54,"At.Centre",6,2
"137184","R22",11.4,0.1,"At.Centre",5,2
"137184","R23",5.39,0,"At.Margin",7,4
"137184","R24",10,0,"At.Margin",8,2
"137184","R25",5.1,0,"At.Margin",9,4
"137185","R1",6.32,0,"At.Margin",8,4
"137185","R2",8.25,0,"At.Margin",6,2
"137185","R3",5.66,0,"At.Margin",8,5
"137185","R4",20.25,0.56,"At.Centre",9,4
"137185","R5",25,0.67,"At.Centre",6,3
"137185","R6",26.08,0.73,"At.Centre",8,2
"137185","R7",12.04,0.05,"At.Centre",10,5
"137185","R8",13.6,0.2,"At.Centre",8,4
"137185","R9",32.76,0.43,"At.Centre",12,8
"137185","R12",20.25,0.73,"At.Centre",3,1
"137185","R13",5.39,0,"At.Margin",6,4
"137185","R14",10.44,0.03,"At.Centre",7,4
"137185","R15",20.88,0.82,"At.Centre",5,2
"137185","R19",12.04,0,"At.Centre",9,4
"137185","R20",15.26,0.68,"At.Centre",3,1
"137185","R21",20.1,0.97,"At.Centre",2,1
"137185","R22",10.44,0.1,"At.Centre",3,1
"161479","R1",7.28,0,"At.Margin",8,5
"161479","R2",11.66,0.11,"At.Centre",10,6
"161479","R3",21.47,0.77,"At.Centre",5,3
"161479","R4",25.46,0.96,"At.Centre",4,2
"161479","R5",8,0,"At.Margin",9,4
"161479","R6",7.62,0,"At.Margin",5,1
"161479","R9",15.81,0.84,"At.Centre",3,1
"161479","R10",13,0.19,"At.Centre",2,1
"161479","R13",17.26,0.95,"At.Centre",3,1
"161479","R14",18.25,0.2,"At.Centre",5,2
"161479","R15",18,0.89,"At.Centre",2,1
"161479","R16",19.31,0.94,"At.Centre",2,1
"161479","R17",7.62,0.11,"At.Margin",4,1
"16345","R1",17.69,0.42,"At.Centre",8,5
"16345","R2",20,0.86,"At.Centre",2,1
"16345","R3",15.52,0.81,"At.Centre",2,1
"16345","R4",11.4,0.25,"At.Centre",3,1
"16345","R5",3.16,0,"At.Margin",6,4
"16345","R6",20.59,0.95,"At.Centre",3,1
"16345","R10",5,0,"At.Margin",5,1
"16345","R11",18,0.9,"At.Centre",3,1
"16345","R15",7,0.08,"At.Margin",3,1
"16345","R16",10.3,0.04,"At.Centre",3,1
"16345","R18",38.83,0.99,"At.Centre",4,2
"16345","R19",27.73,0.85,"At.Centre",4,2
"16345","R20",12.37,0.15,"At.Centre",6,3
"16345","R21",11.7,0.1,"At.Centre",5,3
"16345","R22",29,0.57,"At.Centre",11,7
"16345","R23",25.24,0.53,"At.Centre",8,5
"16345","R24",10.3,0.03,"At.Centre",9,4
"16345","R25",10.44,0.04,"At.Centre",8,4
"16345","R26",8.06,0,"At.Margin",7,3
"16406","R1",3.16,0,"At.Margin",8,5
"16406","R2",7.81,0,"At.Margin",6,4
"16406","R3",21.93,0.48,"At.Centre",6,4
"16406","R4",18.79,0.48,"At.Centre",7,4
"16406","R5",7.28,0,"At.Margin",3,1
"16406","R6",17.26,0.46,"At.Centre",7,3
"16406","R7",35.85,0.48,"At.Centre",4,2
"16406","R8",32.76,0.86,"At.Centre",5,3
"16406","R10",15.26,0.61,"At.Centre",2,1
"16406","R11",17.26,0.44,"At.Centre",9,6
"16406","R12",36.67,0.65,"At.Centre",7,5
"16406","R15",15.26,0.7,"At.Centre",3,1
"16406","R16",11.31,0,"At.Centre",8,5
"16406","R17",27.2,0.81,"At.Centre",6,4
"16406","R18",41.4,0.73,"At.Centre",6,4
"16406","R20",6.32,0,"At.Margin",4,1
"16406","R21",13.45,0.19,"At.Centre",6,4
"16406","R22",23.71,0.53,"At.Centre",7,4
"16406","R23",15.81,0.32,"At.Centre",8,4
"16406","R24",4,0,"At.Margin",11,8
"16460","R1",4.24,0,"At.Margin",9,5
"16460","R2",14.14,0.37,"At.Centre",5,2
"16460","R3",17.72,0.43,"At.Centre",7,5
"16460","R4",11.31,0.11,"At.Centre",6,4
"16460","R5",13,0.22,"At.Centre",4,2
"16460","R6",31.62,0.56,"At.Centre",8,3
"16460","R7",37.34,0.46,"At.Centre",13,8
"16460","R8",26.25,0.57,"At.Centre",7,3
"16460","R9",9.22,0,"At.Margin",7,4
"16460","R10",9.9,0.04,"At.Margin",8,5
"16460","R11",25.5,0.95,"At.Centre",5,2
"16460","R12",44.38,0.48,"At.Centre",25,13
"16460","R13",32.98,0.53,"At.Centre",9,7
"16460","R14",13,0.34,"At.Centre",8,5
"16460","R15",21.02,0.97,"At.Centre",2,1
"16460","R17",31.91,0.8,"At.Centre",4,2
"16460","R18",13,0.16,"At.Centre",8,4
"16460","R19",7.07,0,"At.Margin",4,1
"16460","R20",25.5,0.85,"At.Centre",7,2
"16460","R21",18.03,0.48,"At.Centre",8,3
"16460","R22",4.47,0,"At.Margin",8,3
"16460","R23",10.77,0.03,"At.Centre",9,4
"16460","R24",6.4,0,"At.Margin",9,4
"16470","R1",8.94,0,"At.Margin",6,3
"16470","R2",5.83,0,"At.Margin",7,4
"16470","R3",17.49,0.49,"At.Centre",7,4
"16470","R4",27.46,0.33,"At.Centre",10,7
"16470","R5",20.81,0.53,"At.Centre",8,4
"16470","R6",9,0,"At.Margin",12,8
"16470","R7",7,0,"At.Margin",9,5
"16470","R8",26.4,0.44,"At.Centre",7,4
"16470","R9",36.62,0.71,"At.Centre",9,5
"16470","R11",28.02,0.92,"At.Centre",5,3
"16470","R12",15.81,0.34,"At.Centre",8,4
"16470","R13",10.05,0.24,"At.Centre",7,4
"16470","R16",43.38,0.47,"At.Centre",22,12
"16470","R17",25.08,0.47,"At.Centre",10,5
"16470","R18",6,0,"At.Margin",10,4
"16470","R19",10.3,0.05,"At.Centre",2,1
"16470","R20",21.4,0.97,"At.Centre",5,3
"16470","R21",35.34,0.49,"At.Centre",8,5
"16470","R22",21.4,0.57,"At.Centre",7,4
"16470","R23",5,0,"At.Margin",8,5
"16470","R24",11.31,0.03,"At.Centre",6,3
"16470","R25",17,0.37,"At.Centre",5,3
"16470","R26",8.06,0,"At.Margin",7,4
"209992","R1",13.93,0.23,"At.Centre",10,5
"209992","R2",15,0.34,"At.Centre",9,4
"209992","R3",13.34,0.27,"At.Centre",9,5
"209992","R4",4.47,0.04,"At.Margin",8,5
"209992","R5",13.89,0.22,"At.Centre",8,4
"209992","R6",31.4,0.57,"At.Centre",8,2
"209992","R7",35,0.49,"At.Centre",11,7
"209992","R8",31.95,0.51,"At.Centre",11,6
"209992","R9",18.87,0.53,"At.Centre",9,5
"209992","R10",6,0,"At.Margin",2,1
"209992","R12",46,0.9,"At.Centre",10,7
"209992","R13",46.62,0.49,"At.Centre",24,13
"209992","R14",27.46,0.61,"At.Centre",8,3
"209992","R15",8,0,"At.Margin",10,5
"209992","R16",6.08,0,"At.Margin",2,1
"209992","R19",30.27,0.91,"At.Centre",7,4
"209992","R20",22.67,0.53,"At.Centre",6,3
"209992","R21",4.12,0,"At.Margin",9,4
"209992","R22",11.66,0.1,"At.Centre",3,1
"209992","R23",13.6,0.47,"At.Centre",3,1
"209992","R24",10.77,0.23,"At.Centre",5,3
"209992","R25",6.32,0,"At.Margin",9,5
"210042","R1",6,0,"At.Margin",8,5
"210042","R2",6.71,0,"At.Margin",3,1
"210042","R3",15,0.2,"At.Centre",2,1
"210042","R4",15.56,0.03,"At.Centre",7,4
"210042","R5",18.87,0.56,"At.Centre",10,4
"210042","R6",25,0.99,"At.Centre",2,1
"210042","R9",17.03,0.47,"At.Centre",8,3
"210042","R10",9.22,0.05,"At.Margin",5,1
"210042","R13",43.83,0.53,"At.Centre",10,4
"210042","R14",27.2,0.48,"At.Centre",10,5
"210042","R15",8.25,0,"At.Margin",6,3
"210042","R16",15.03,0.54,"At.Centre",3,1
"210042","R17",19,0.92,"At.Centre",2,1
"210042","R18",27.59,0.61,"At.Centre",6,2
"210042","R19",21.93,0.51,"At.Centre",8,4
"210042","R20",5.39,0,"At.Margin",7,3
"210042","R21",10.44,0.03,"At.Centre",7,4
"210042","R22",5.39,0,"At.Margin",6,3
"210111","R1",13.45,0.23,"At.Centre",8,5
"210111","R2",20.62,0.51,"At.Centre",6,4
"210111","R3",14.32,0.42,"At.Centre",4,2
"210111","R4",6.08,0,"At.Margin",10,7
"210111","R5",24.6,0.48,"At.Centre",7,5
"210111","R6",40.31,0.49,"At.Centre",16,8
"210111","R7",26,0.72,"At.Centre",6,3
"210111","R8",6,0,"At.Margin",7,3
"210111","R9",5.39,0,"At.Margin",6,2
"210111","R10",24.52,0.72,"At.Centre",4,2
"210111","R11",44.28,0.94,"At.Centre",4,2
"210111","R13",13.89,0.49,"At.Centre",2,1
"210111","R14",9.43,0.04,"At.Margin",7,5
"210111","R15",26.4,0.92,"At.Centre",4,2
"210111","R18",16.49,0.75,"At.Centre",3,1
"210111","R19",16,0.27,"At.Centre",6,2
"210111","R20",35.44,0.44,"At.Centre",10,6
"210111","R21",42.2,0.51,"At.Centre",22,13
"210111","R23",10.05,0,"At.Centre",5,1
"210111","R24",9.22,0.0600000000000001,"At.Margin",7,3
"210111","R25",23.71,0.43,"At.Centre",5,3
"210111","R26",28.86,0.37,"At.Centre",9,5
"210111","R27",16.64,0.54,"At.Centre",6,4
"210111","R28",6.32,0,"At.Margin",6,3
"210111","R29",9.85,0.04,"At.Margin",6,4
"210114","R1",8.06,0,"At.Margin",6,3
"210114","R2",17.46,0.43,"At.Centre",8,5
"210114","R3",17,0.35,"At.Centre",7,3
"210114","R4",7.81,0,"At.Margin",6,4
"210114","R5",6.32,0,"At.Margin",5,3
"210114","R6",22.63,0.46,"At.Centre",8,5
"210114","R7",36.12,0.44,"At.Centre",9,6
"210114","R8",34.89,0.52,"At.Centre",7,5
"210114","R9",22.2,0.49,"At.Centre",7,3
"210114","R10",5.39,0,"At.Margin",8,3
"210114","R11",12.04,0.1,"At.Centre",7,3
"210114","R12",31.95,0.51,"At.Centre",5,2
"210114","R13",50.61,0.39,"At.Centre",25,14
"210114","R14",42.52,0.54,"At.Centre",21,10
"210114","R15",30.81,0.72,"At.Centre",4,2
"210114","R16",11.05,0.01,"At.Centre",6,3
"210114","R17",8.94,0.03,"At.Margin",8,4
"210114","R18",26.91,0.62,"At.Centre",9,5
"210114","R21",14.42,0.53,"At.Centre",4,1
"210114","R22",4.12,0,"At.Margin",6,3
"210114","R23",11.18,0.08,"At.Centre",9,4
"210114","R24",15,0,"At.Centre",7,3
"210114","R25",10,0.09,"At.Margin",4,1
"223909","R1",6,0,"At.Margin",8,5
"223909","R2",3.61,0,"At.Margin",7,5
"223909","R3",14.87,0.35,"At.Centre",7,4
"223909","R4",25.96,0.52,"At.Centre",5,3
"223909","R5",21.02,0.51,"At.Centre",9,4
"223909","R6",8.6,0,"At.Margin",7,3
"223909","R7",18.36,0.35,"At.Centre",6,3
"223909","R8",29.68,0.94,"At.Centre",5,2
"223909","R9",43.14,0.58,"At.Centre",10,7
"223909","R10",36.4,0.51,"At.Centre",6,4
"223909","R11",19.65,0.56,"At.Centre",6,4
"223909","R12",18.38,0.34,"At.Centre",8,4
"223909","R14",49.52,0.53,"At.Centre",24,14
"223909","R15",41.15,0.41,"At.Centre",12,9
"223909","R16",22.2,0.48,"At.Centre",14,8
"223909","R17",5.83,0,"At.Margin",9,4
"223909","R18",21.26,0.49,"At.Centre",13,7
"223909","R19",34.79,0.49,"At.Centre",7,2
"223909","R20",29,0.49,"At.Centre",9,5
"223909","R21",15.62,0.32,"At.Centre",9,6
"223909","R22",7.81,0,"At.Margin",8,5
"223909","R23",16.12,0.35,"At.Centre",7,5
"223909","R24",13.93,0.28,"At.Centre",9,6
"223910","R1",8,0,"At.Margin",9,6
"223910","R2",7.07,0,"At.Margin",10,7
"223910","R3",17.69,0.38,"At.Centre",10,5
"223910","R4",27.29,0.48,"At.Centre",10,5
"223910","R5",26.48,0.54,"At.Centre",11,5
"223910","R6",14.14,0.33,"At.Centre",5,3
"223910","R7",5.39,0,"At.Margin",7,4
"223910","R8",25,0.54,"At.Centre",9,5
"223910","R9",44.01,0.47,"At.Centre",25,13
"223910","R10",41.88,0.51,"At.Centre",24,14
"223910","R11",23.09,0.57,"At.Centre",6,4
"223910","R12",4,0,"At.Margin",8,4
"223910","R13",17.69,0.75,"At.Centre",5,2
"223910","R14",34.44,0.96,"At.Centre",5,3
"223910","R15",39,0.99,"At.Centre",4,2
"223910","R16",19,0.95,"At.Centre",2,1
"223910","R17",10,0.15,"At.Margin",3,1
"223910","R21",4,0,"At.Margin",8,2
"223910","R22",24,0.99,"At.Centre",2,1
"223910","R24",12.04,0.18,"At.Centre",3,1
"223910","R25",19.72,0.58,"At.Centre",8,2
"223910","R26",21.19,0.52,"At.Centre",8,3
"223910","R27",6,0,"At.Margin",8,3
"223913","R1",12.65,0.2,"At.Centre",7,3
"223913","R2",15.03,0.33,"At.Centre",7,4
"223913","R3",5.39,0,"At.Margin",8,5
"223913","R4",12.53,0.2,"At.Centre",7,3
"223913","R5",29.68,0.48,"At.Centre",10,5
"223913","R6",30.68,0.46,"At.Centre",8,4
"223913","R7",13.45,0.58,"At.Centre",7,2
"223913","R8",17.72,0.46,"At.Centre",6,3
"223913","R9",36.88,0.56,"At.Centre",10,6
"223913","R10",41.73,0.7,"At.Centre",8,4
"223913","R12",13,0.38,"At.Centre",2,1
"223913","R13",10.3,0.03,"At.Centre",7,5
"223913","R14",26.08,0.82,"At.Centre",5,3
"223913","R17",12.08,0.32,"At.Centre",2,1
"223913","R18",22.09,0.56,"At.Centre",9,5
"223913","R19",42.05,0.61,"At.Centre",19,10
"223913","R20",30.81,0.67,"At.Centre",6,3
"223913","R21",12.21,0.27,"At.Centre",7,3
"223913","R22",15,0.28,"At.Centre",5,3
"223913","R23",27.73,0.37,"At.Centre",9,3
"223913","R24",25.94,0.52,"At.Centre",7,4
"223913","R25",10.77,0.0600000000000001,"At.Centre",5,3
"223913","R26",8.94,0,"At.Margin",5,2
"223913","R27",7.62,0,"At.Margin",6,3
"224087","R1",4.47,0,"At.Margin",8,5
"224087","R2",16.64,0.41,"At.Centre",10,3
"224087","R3",20,0.54,"At.Centre",7,4
"224087","R4",13,0.14,"At.Centre",8,5
"224087","R5",15.81,0.41,"At.Centre",5,3
"224087","R6",32.2,0.54,"At.Centre",9,4
"224087","R7",39.62,0.57,"At.Centre",8,4
"224087","R8",29.07,0.48,"At.Centre",6,3
"224087","R9",11.4,0.1,"At.Centre",9,4
"224087","R10",21,0.66,"At.Centre",9,4
"224087","R11",40.25,0.89,"At.Centre",8,4
"224087","R12",48.33,0.46,"At.Centre",26,14
"224087","R13",36.12,0.58,"At.Centre",11,6
"224087","R14",16.28,0.43,"At.Centre",7,5
"224087","R15",15,0.25,"At.Centre",5,3
"224087","R18",24,0.89,"At.Centre",5,2
"224087","R19",11.18,0.04,"At.Centre",8,4
"224087","R20",15.65,0.43,"At.Centre",5,3
"224087","R21",31.05,0.54,"At.Centre",4,2
"224087","R22",15.26,0.54,"At.Centre",3,1
"224087","R23",4,0,"At.Margin",6,3
"224087","R24",4.12,0,"At.Margin",4,2
"224087","R25",12,0.15,"At.Centre",6,4
"224087","R26",5,0,"At.Margin",10,8
"230446","R1",11.31,0.01,"At.Centre",2,1
"230446","R2",9,0.08,"At.Margin",3,1
"230446","R3",11.66,0.18,"At.Centre",2,1
"230446","R6",14.32,0.54,"At.Centre",2,1
"230446","R7",6.32,0,"At.Margin",9,7
"230446","R8",26.08,0.84,"At.Centre",8,5
"230446","R11",26.93,0.99,"At.Centre",2,1
"230446","R12",13,0,"At.Centre",7,4
"230446","R13",20.62,0.53,"At.Centre",7,3
"230446","R14",35.23,0.97,"At.Centre",8,4
"230446","R15",32.39,0.89,"At.Centre",6,4
"230446","R16",13,0.13,"At.Centre",2,1
"230446","R17",2.83,0,"At.Margin",5,3
"230446","R18",7.81,0,"At.Margin",10,7
"230446","R19",20.52,0.52,"At.Centre",7,4
"230446","R20",29.61,0.49,"At.Centre",9,4
"230446","R21",12.37,0.28,"At.Centre",7,3
"230446","R22",3.61,0,"At.Margin",8,4
"230446","R23",10,0.09,"At.Margin",11,6
"241028","R1",13,0.16,"At.Centre",10,6
"241028","R2",15.03,0.24,"At.Centre",9,4
"241028","R3",9.22,0,"At.Margin",10,6
"241028","R4",10.82,0.23,"At.Centre",5,1
"241028","R5",27.51,0.91,"At.Centre",5,3
"241028","R6",34.48,0.52,"At.Centre",8,6
"241028","R7",24.76,0.52,"At.Centre",8,4
"241028","R8",7.81,0,"At.Margin",10,5
"241028","R9",10,0.0600000000000001,"At.Margin",4,1
"241028","R12",44.6,0.46,"At.Centre",15,8
"241028","R13",29.83,0.53,"At.Centre",12,6
"241028","R14",10.44,0.03,"At.Centre",10,7
"241028","R15",12.17,0.22,"At.Centre",5,1
"241028","R19",17.69,0.42,"At.Centre",7,4
"241028","R20",4.47,0,"At.Margin",3,1
"241028","R21",16.12,0.65,"At.Centre",5,1
"241028","R22",19.24,0.92,"At.Centre",2,1
"241028","R23",9.9,0.05,"At.Margin",3,1
"241092","R1",15,0.37,"At.Centre",6,2
"241092","R2",11.7,0.35,"At.Centre",2,1
"241092","R3",4,0,"At.Margin",8,4
"241092","R4",8.54,0.01,"At.Margin",3,1
"241092","R7",23.02,0.95,"At.Centre",2,1
"241092","R8",21.21,0.56,"At.Centre",8,5
"241092","R9",5.83,0,"At.Margin",9,4
"241092","R10",9,0,"At.Margin",2,1
"241092","R13",43.01,0.51,"At.Centre",26,14
"241092","R14",30.59,0.52,"At.Centre",11,3
"241092","R15",11,0.08,"At.Centre",8,3
"241092","R16",13.04,0.43,"At.Centre",3,1
"241092","R18",39.36,0.56,"At.Centre",14,7
"241092","R19",23.6,0.49,"At.Centre",9,5
"241092","R20",5.83,0,"At.Margin",11,6
"241092","R21",16.64,0.28,"At.Centre",5,3
"241092","R22",21.93,0.52,"At.Centre",6,3
"241092","R23",11.31,0.01,"At.Centre",8,3
"241103","R1",9.43,0,"At.Margin",6,3
"241103","R2",11,0.11,"At.Centre",6,4
"241103","R3",3.61,0,"At.Margin",7,5
"241103","R4",13.6,0.14,"At.Centre",10,5
"241103","R5",26.93,0.51,"At.Centre",8,3
"241103","R6",30.36,0.52,"At.Centre",8,4
"241103","R7",20.62,0.49,"At.Centre",5,3
"241103","R8",10.63,0.0600000000000001,"At.Centre",4,2
"241103","R9",22.8,0.57,"At.Centre",9,5
"241103","R10",41.62,0.66,"At.Centre",9,6
"241103","R11",48.01,0.84,"At.Centre",7,3
"241103","R12",38.6,0.39,"At.Centre",6,4
"241103","R13",22.47,0.52,"At.Centre",9,5
"241103","R14",22,0.71,"At.Centre",6,3
"241103","R17",34.21,0.54,"At.Centre",9,6
"241103","R18",18.44,0.54,"At.Centre",7,4
"241103","R19",20.52,0.63,"At.Centre",6,4
"241103","R20",31.62,0.92,"At.Centre",7,4
"241103","R21",18.38,0.87,"At.Centre",5,2
"241103","R22",17.2,0.46,"At.Centre",10,5
"241103","R23",6.71,0,"At.Margin",6,3
"241103","R24",7.07,0,"At.Margin",5,3
"241103","R25",13,0.09,"At.Centre",7,5
"241106","R1",6.71,0,"At.Margin",9,5
"241106","R2",3.61,0,"At.Margin",10,6
"241106","R3",14.14,0,"At.Centre",7,4
"241106","R4",25.94,0.75,"At.Centre",4,1
"241106","R5",20.88,0.49,"At.Centre",4,1
"241106","R6",2.24,0,"At.Margin",7,3
"241106","R7",12.08,0.11,"At.Centre",2,1
"241106","R10",14.42,0.57,"At.Centre",3,1
"241106","R11",9.85,0.05,"At.Margin",4,1
"241106","R14",19,0.96,"At.Centre",2,1
"241106","R15",14.42,0.67,"At.Centre",4,1
"241106","R17",21.47,0.89,"At.Centre",2,1
"241106","R18",4.12,0,"At.Margin",5,3
"241106","R19",3.61,0,"At.Margin",6,2
"241106","R20",17.09,0.25,"At.Centre",9,4
"241106","R21",19.31,0.56,"At.Centre",8,4
"241106","R22",5,0,"At.Margin",7,4
"241792","R1",10.82,0.0600000000000001,"At.Centre",5,2
"241792","R2",19.7,0.58,"At.Centre",6,3
"241792","R3",18.97,0.66,"At.Centre",6,3
"241792","R4",18.97,0.28,"At.Centre",8,3
"241792","R5",4.12,0,"At.Margin",10,5
"241792","R6",7,0,"At.Margin",7,4
"241792","R7",25.46,0.48,"At.Centre",11,7
"241792","R10",30.46,0.96,"At.Centre",6,3
"241792","R11",11.18,0,"At.Centre",9,4
"241792","R12",10,0.22,"At.Margin",3,1
"241792","R15",26.93,0.91,"At.Centre",3,1
"241792","R16",9.85,0,"At.Margin",8,5
"241792","R17",11.7,0.18,"At.Centre",3,1
"241792","R18",12.04,0.22,"At.Centre",3,1
"241792","R19",12,0,"At.Centre",6,3
"241825","R1",14.76,0.19,"At.Centre",6,3
"241825","R2",22.8,0.48,"At.Centre",9,7
"241825","R3",16.49,0.41,"At.Centre",9,6
"241825","R4",14.14,0.41,"At.Centre",5,2
"241825","R5",29.83,0.46,"At.Centre",12,7
"241825","R6",41.15,0.51,"At.Centre",15,7
"241825","R7",31.4,0.49,"At.Centre",9,5
"241825","R8",14.32,0.25,"At.Centre",9,6
"241825","R9",12.73,0.29,"At.Centre",7,3
"241825","R11",48.92,0.94,"At.Centre",5,3
"241825","R12",30.36,0.86,"At.Centre",5,3
"241825","R13",11.7,0.1,"At.Centre",7,3
"241825","R14",8.94,0,"At.Margin",2,1
"241825","R17",20.81,0.94,"At.Centre",2,1
"241825","R18",8,0,"At.Margin",9,4
"241825","R19",14.14,0.52,"At.Centre",2,1
"241825","R20",17,0.82,"At.Centre",4,1
"241825","R21",8.6,0,"At.Margin",5,1
"241868","R1",4.47,0,"At.Margin",5,3
"241868","R2",12.17,0.0600000000000001,"At.Centre",6,3
"241868","R3",4.47,0,"At.Margin",7,3
"241868","R4",17.89,0.43,"At.Centre",9,4
"241868","R5",31.32,0.81,"At.Centre",6,4
"241868","R6",16.28,0.75,"At.Centre",5,2
"241868","R7",10.44,0.0600000000000001,"At.Centre",6,3
"241868","R8",8.49,0,"At.Margin",9,6
"241868","R9",10,0.1,"At.Margin",8,5
"241868","R10",29.41,0.46,"At.Centre",8,5
"241868","R13",30.15,0.68,"At.Centre",6,2
"241868","R14",19.1,0.38,"At.Centre",6,2
"241868","R15",5.83,0,"At.Margin",7,4
"241868","R16",19.85,0.84,"At.Centre",6,3
"241868","R19",29.15,0.95,"At.Centre",4,2
"241868","R20",15.65,0.3,"At.Centre",10,4
"241868","R21",10,0.05,"At.Margin",4,2
"241868","R22",30,0.65,"At.Centre",4,2
"241868","R23",33.84,0.66,"At.Centre",7,2
"241868","R24",15.23,0.61,"At.Centre",3,2
"241868","R25",5.39,0,"At.Margin",4,2
"241868","R26",19.8,0.48,"At.Centre",5,2
"241868","R27",22.85,0.57,"At.Centre",8,2
"241868","R28",8.54,0.11,"At.Margin",3,2
"241868","R29",5,0,"At.Margin",5,2
"241882","R1",8.94,0,"At.Margin",4,2
"241882","R2",20.12,0.56,"At.Centre",6,2
"241882","R3",12.21,0.32,"At.Centre",4,2
"241882","R4",7,0,"At.Margin",3,1
"241882","R5",9.85,0,"At.Margin",10,7
"241882","R6",19.24,0.48,"At.Centre",4,2
"241882","R7",36.88,0.46,"At.Centre",7,2
"241882","R8",28.79,0.99,"At.Centre",3,2
"241882","R10",20.88,0.56,"At.Centre",2,1
"241882","R11",19.65,0.54,"At.Centre",5,2
"241882","R12",37.58,0.46,"At.Centre",6,2
"241882","R15",17.46,0.66,"At.Centre",5,1
"241882","R16",11.18,0.13,"At.Centre",11,7
"241882","R17",28.43,0.58,"At.Centre",7,4
"241882","R19",21.47,0.92,"At.Centre",2,1
"241882","R20",7.21,0,"At.Margin",3,1
"241882","R21",12.04,0,"At.Centre",10,5
"241882","R22",14,0.15,"At.Centre",10,6
"241882","R23",11.31,0,"At.Centre",9,5
"275683","R1",8.25,0,"At.Margin",9,5
"275683","R2",9,0,"At.Margin",9,5
"275683","R3",15.52,0.41,"At.Centre",6,3
"275683","R4",27.89,0.58,"At.Centre",12,7
"275683","R5",27.86,0.61,"At.Centre",5,3
"275683","R6",15.81,0.43,"At.Centre",6,3
"275683","R7",18.03,0.89,"At.Centre",2,1
"275683","R8",37.48,0.78,"At.Centre",9,6
"275683","R9",43.57,0.62,"At.Centre",19,10
"275683","R10",24.7,0.58,"At.Centre",10,4
"275683","R11",6,0,"At.Margin",6,2
"275683","R12",21,0.99,"At.Centre",2,1
"275683","R13",41,0.68,"At.Centre",18,9
"275683","R14",47.41,0.48,"At.Centre",21,11
"275683","R15",28.79,0.57,"At.Centre",12,9
"275683","R16",9.85,0,"At.Margin",5,3
"275683","R17",8.06,0,"At.Margin",7,4
"275683","R18",25.81,0.65,"At.Centre",10,4
"275683","R19",36.77,0.73,"At.Centre",10,3
"275683","R20",31.62,0.49,"At.Centre",9,4
"275683","R21",20.25,0.54,"At.Centre",8,4
"275683","R22",14.42,0.33,"At.Centre",7,3
"275683","R23",17.72,0.47,"At.Centre",7,3
"275683","R24",12.04,0.2,"At.Centre",7,2
"275683","R25",5,0,"At.Margin",8,4
"275688","R1",7.21,0,"At.Margin",3,1
"275688","R2",5.66,0,"At.Margin",6,3
"275688","R3",7.07,0,"At.Margin",5,2
"275688","R4",20.81,0.95,"At.Centre",2,1
"275688","R6",11.4,0.46,"At.Centre",2,1
"275688","R7",5.39,0,"At.Margin",5,3
"275688","R8",7,0.04,"At.Margin",2,1
"275688","R10",39.62,0.96,"At.Centre",5,2
"275688","R11",28.46,0.8,"At.Centre",4,2
"275688","R12",18.79,0.62,"At.Centre",6,2
"275688","R13",16,0.41,"At.Centre",6,3
"275688","R14",32.45,0.54,"At.Centre",4,2
"275688","R15",50.33,0.46,"At.Centre",26,14
"275688","R16",44.92,0.42,"At.Centre",20,9
"275688","R17",25.71,0.61,"At.Centre",9,5
"275688","R18",6,0,"At.Margin",8,4
"275688","R19",13.42,0.19,"At.Centre",7,5
"275688","R20",28.02,0.58,"At.Centre",9,5
"275688","R21",35.17,0.47,"At.Centre",9,5
"275688","R22",30.68,0.46,"At.Centre",11,6
"275688","R23",19.8,0.51,"At.Centre",10,6
"275688","R24",10.44,0.05,"At.Centre",6,3
"275688","R25",15.52,0.41,"At.Centre",7,4
"275688","R26",12,0.16,"At.Centre",7,4
"275688","R27",4.24,0,"At.Margin",11,5
"292883","R1",8.06,0.04,"At.Margin",7,4
"292883","R2",12.08,0.23,"At.Centre",6,3
"292883","R3",22.14,0.53,"At.Centre",8,4
"292883","R4",25.5,0.77,"At.Centre",4,2
"292883","R5",10.82,0.13,"At.Centre",3,1
"292883","R6",8,0,"At.Margin",8,5
"292883","R7",25.3,0.95,"At.Centre",2,1
"292883","R10",14.56,0.57,"At.Centre",3,1
"292883","R11",14.21,0.2,"At.Centre",6,3
"292883","R12",30.87,0.92,"At.Centre",4,2
"292883","R15",20,0.99,"At.Centre",2,1
"292883","R16",16.76,0.25,"At.Centre",7,4
"292883","R17",35.11,0.54,"At.Centre",14,8
"292883","R18",34.21,0.8,"At.Centre",5,2
"292883","R20",11.4,0.14,"At.Centre",4,1
"292883","R21",7.07,0,"At.Margin",7,4
"292883","R22",20.62,0.49,"At.Centre",7,4
"292883","R23",21.93,0.56,"At.Centre",6,3
"292883","R24",6.4,0,"At.Margin",5,2
"292883","R25",3.61,0,"At.Margin",8,4
"292883","R26",5,0,"At.Margin",6,2
"292916","R1",14.14,0.09,"At.Centre",8,4
"292916","R2",19.72,0.49,"At.Centre",6,3
"292916","R3",6.71,0,"At.Margin",4,1
"292916","R4",11,0,"At.Centre",7,3
"292916","R5",27.59,0.53,"At.Centre",7,4
"292916","R8",10.77,0.08,"At.Centre",4,1
"292916","R9",12,0.04,"At.Centre",9,6
"292916","R10",31.78,0.57,"At.Centre",6,3
"292916","R11",49.65,0.89,"At.Centre",8,6
"292916","R13",16,0.58,"At.Centre",3,1
"292916","R14",7.21,0,"At.Margin",6,3
"292916","R15",24.08,0.53,"At.Centre",8,4
"292916","R16",38.29,0.56,"At.Centre",10,5
"292916","R17",24.19,0.99,"At.Centre",2,1
"292916","R18",5,0,"At.Margin",4,1
"292916","R19",10.3,0.04,"At.Centre",11,5
"292916","R20",19.31,0.58,"At.Centre",7,2
"292916","R21",15.81,0.44,"At.Centre",7,3
"292928","R1",8.94,0,"At.Margin",6,3
"292928","R2",7.21,0.05,"At.Margin",8,5
"292928","R3",4.47,0,"At.Margin",2,1
"292928","R4",13.6,0.15,"At.Centre",7,4
"292928","R5",27.73,0.54,"At.Centre",7,4
"292928","R6",25.71,0.99,"At.Centre",2,1
"292928","R8",10.77,0.03,"At.Centre",3,1
"292928","R9",18.97,0.56,"At.Centre",8,4
"292928","R10",38.47,0.53,"At.Centre",14,5
"292928","R11",45.4,0.39,"At.Centre",26,14
"292928","R13",14.04,0.39,"At.Centre",3,1
"292928","R14",13.89,0.19,"At.Centre",8,4
"292928","R15",31.06,0.51,"At.Centre",7,3
"292928","R16",45.22,0.58,"At.Centre",9,5
"292928","R17",31,0.92,"At.Centre",5,3
"292928","R18",11,0.01,"At.Centre",8,2
"292928","R19",17.69,0.51,"At.Centre",8,4
"292928","R20",26.57,0.53,"At.Centre",5,2
"292928","R21",21.26,0.47,"At.Centre",12,5
"292928","R22",5.83,0,"At.Margin",7,3
"292928","R23",8,0,"At.Margin",6,3
"292928","R24",5.39,0,"At.Margin",5,2
"292937","R1",4.47,0,"At.Margin",12,6
"292937","R2",15.56,0.41,"At.Centre",12,7
"292937","R3",24.08,0.56,"At.Centre",11,7
"292937","R4",22.85,0.41,"At.Centre",6,2
"292937","R5",12.04,0.1,"At.Centre",9,5
"292937","R6",9.22,0.01,"At.Margin",7,3
"292937","R7",28.65,0.52,"At.Centre",8,4
"292937","R8",42.54,0.56,"At.Centre",11,6
"292937","R9",40,0.54,"At.Centre",8,3
"292937","R10",23.54,0.61,"At.Centre",7,2
"292937","R11",5,0,"At.Margin",7,4
"292937","R12",9.85,0,"At.Margin",8,3
"292937","R13",28.16,0.51,"At.Centre",4,2
"292937","R14",41.4,0.66,"At.Centre",12,7
"292937","R15",40.71,0.67,"At.Centre",13,7
"292937","R16",24.02,0.94,"At.Centre",2,1
"292937","R17",4.12,0,"At.Margin",10,7
"292937","R18",13.45,0.19,"At.Centre",5,2
"292937","R21",15.03,0.67,"At.Centre",2,1
"292937","R22",13.42,0.29,"At.Centre",2,1
"292937","R23",17,0.82,"At.Centre",2,1
"292937","R24",7.62,0,"At.Margin",4,1
"295366","R1",10.3,0.05,"At.Centre",8,5
"295366","R2",14.14,0.44,"At.Centre",9,6
"295366","R3",8.06,0.01,"At.Margin",5,3
"295366","R4",14.87,0.33,"At.Centre",6,3
"295366","R5",28.79,0.54,"At.Centre",11,7
"295366","R6",33.84,0.51,"At.Centre",10,7
"295366","R7",25.24,0.59,"At.Centre",7,5
"295366","R8",8.94,0.01,"At.Margin",8,6
"295366","R9",17.8,0.48,"At.Centre",7,4
"295366","R10",34.01,0.47,"At.Centre",13,7
"295366","R11",45.88,0.56,"At.Centre",26,14
"295366","R12",28.02,0.67,"At.Centre",7,3
"295366","R13",11,0.03,"At.Centre",7,3
"295366","R14",11.4,0.22,"At.Centre",3,1
"295366","R18",13.42,0.38,"At.Centre",3,1
"295366","R22",5.66,0,"At.Margin",2,1
"295366","R25",11.18,0.08,"At.Centre",4,1
"295414","R1",5.39,0,"At.Margin",9,6
"295414","R2",8.94,0.03,"At.Margin",5,2
"295414","R3",16.76,0.66,"At.Centre",7,4
"295414","R4",13.34,0.24,"At.Centre",6,3
"295414","R5",5,0,"At.Margin",10,5
"295414","R6",8.49,0.28,"At.Margin",7,3
"295414","R7",23.71,0.65,"At.Centre",5,2
"295414","R10",32.65,0.52,"At.Centre",6,3
"295414","R11",19.72,0.51,"At.Centre",6,3
"295414","R12",13,0.14,"At.Centre",8,4
"295414","R13",32.57,0.52,"At.Centre",9,5
"295414","R14",48.17,0.43,"At.Centre",21,13
"295414","R16",43.14,0.49,"At.Centre",7,4
"295414","R17",24.74,0.7,"At.Centre",5,2
"295414","R18",5,0,"At.Margin",9,4
"295414","R19",8.25,0,"At.Margin",11,7
"295414","R20",26.68,0.61,"At.Centre",8,5
"295414","R21",39.66,0.43,"At.Centre",7,5
"295414","R22",34.44,0.67,"At.Centre",8,5
"295414","R23",26.25,0.52,"At.Centre",9,4
"295414","R24",14.87,0.29,"At.Centre",9,5
"295414","R25",12.53,0.09,"At.Centre",7,5
"295414","R26",21.1,0.51,"At.Centre",5,3
"295414","R27",16.49,0.52,"At.Centre",9,4
"295414","R28",8.25,0,"At.Margin",9,4
"295480","R1",7.62,0,"At.Margin",7,3
"295480","R2",5,0,"At.Margin",4,2
"295480","R3",19.24,0.52,"At.Centre",9,5
"295480","R4",17.26,0.7,"At.Centre",9,4
"295480","R5",11.18,0.11,"At.Centre",6,3
"295480","R6",5,0,"At.Margin",6,3
"295480","R7",24.04,0.75,"At.Centre",6,3
"295480","R9",32.02,0.95,"At.Centre",5,3
"295480","R10",37.12,0.57,"At.Centre",10,7
"295480","R11",23.77,0.46,"At.Centre",7,5
"295480","R12",4.47,0,"At.Margin",10,6
"295480","R13",7.07,0,"At.Margin",10,5
"295480","R14",26.31,0.68,"At.Centre",8,5
"295480","R17",45.04,0.41,"At.Centre",25,13
"295480","R18",25.08,0.38,"At.Centre",11,7
"295480","R19",5.39,0,"At.Margin",9,4
"295480","R20",10.44,0.0600000000000001,"At.Centre",6,4
"295480","R21",29.41,0.46,"At.Centre",7,4
"295480","R22",36.06,0.62,"At.Centre",6,2
"295480","R23",31,0.95,"At.Centre",5,3
"295480","R24",30.08,0.46,"At.Centre",10,5
"295480","R25",20.12,0.53,"At.Centre",8,4
"295480","R26",15.81,0.37,"At.Centre",6,3
"295480","R27",16.49,0.34,"At.Centre",7,5
"295480","R28",11,0,"At.Centre",10,6
"295480","R29",10.77,0.05,"At.Centre",6,4
"295480","R30",4.47,0,"At.Margin",6,4
"295486","R1",11.18,0.09,"At.Centre",9,6
"295486","R2",17.46,0.47,"At.Centre",8,4
"295486","R3",9,0.09,"At.Margin",4,1
"295486","R4",10,0,"At.Margin",4,1
"295486","R5",4.47,0,"At.Margin",7,4
"295486","R6",23.41,0.54,"At.Centre",10,7
"295486","R7",33.54,0.44,"At.Centre",13,8
"295486","R10",12.65,0.32,"At.Centre",3,1
"295486","R11",7,0,"At.Margin",7,4
"295486","R12",26.57,0.66,"At.Centre",7,4
"295486","R13",45.61,0.43,"At.Centre",26,14
"295486","R14",38.63,0.97,"At.Centre",4,2
"295486","R16",16.49,0.8,"At.Centre",2,1
"295486","R17",18.6,0.56,"At.Centre",7,4
"295486","R18",29.43,0.51,"At.Centre",6,3
"295486","R19",21.26,0.96,"At.Centre",5,2
"295486","R20",14.56,0.57,"At.Centre",3,1
"295486","R21",6.4,0.03,"At.Margin",4,1
"295486","R22",10,0,"At.Margin",7,5
"295486","R23",7.07,0,"At.Margin",7,3
"306071","R1",5.66,0,"At.Margin",7,4
"306071","R2",18.36,0.43,"At.Centre",10,6
"306071","R3",21.38,0.39,"At.Centre",10,6
"306071","R4",13.89,0.29,"At.Centre",8,5
"306071","R5",14.87,0.32,"At.Centre",7,4
"306071","R6",33.54,0.42,"At.Centre",9,6
"306071","R7",40.52,0.52,"At.Centre",11,7
"306071","R8",27.29,0.51,"At.Centre",7,5
"306071","R9",9.85,0.03,"At.Margin",6,3
"306071","R10",21.47,0.63,"At.Centre",9,4
"306071","R12",51.61,0.76,"At.Centre",6,4
"306071","R13",33,0.7,"At.Centre",8,4
"306071","R14",13,0.2,"At.Centre",9,6
"306071","R15",6.71,0,"At.Margin",10,5
"306071","R16",23.41,0.58,"At.Centre",8,5
"306071","R20",12.37,0.01,"At.Centre",7,5
"306071","R21",5,0,"At.Margin",6,3
"306071","R22",9.22,0,"At.Margin",3,1
"306071","R23",12.04,0.34,"At.Centre",3,1
"306071","R24",13.93,0,"At.Centre",8,4
"306073","R1",9.49,0,"At.Margin",12,6
"306073","R2",14,0.18,"At.Centre",7,5
"306073","R3",13.89,0.41,"At.Centre",5,3
"306073","R4",14.21,0.24,"At.Centre",6,2
"306073","R5",16.49,0.34,"At.Centre",7,5
"306073","R8",25.46,0.73,"At.Centre",8,5
"306073","R9",11.31,0.05,"At.Centre",9,4
"306073","R10",17,0.48,"At.Centre",11,8
"306073","R12",52.47,0.53,"At.Centre",23,13
"306073","R13",37.34,0.51,"At.Centre",5,3
"306073","R14",17.72,0.59,"At.Centre",7,4
"306073","R15",15.81,0.32,"At.Centre",6,3
"306073","R16",34.21,0.48,"At.Centre",8,2
"306073","R17",44.01,0.54,"At.Centre",10,5
"306073","R18",32.65,0.57,"At.Centre",11,6
"306073","R19",14.56,0.24,"At.Centre",8,4
"306073","R20",7.07,0,"At.Margin",7,4
"306073","R21",21.63,0.56,"At.Centre",4,2
"306073","R22",25,0.49,"At.Centre",6,4
"306073","R23",17.46,0.48,"At.Centre",9,6
"306073","R24",5,0,"At.Margin",7,4
"306073","R25",3.16,0,"At.Margin",7,3
"306073","R26",5.39,0,"At.Margin",7,4
"319488","R1",8.49,0,"At.Margin",11,6
"319488","R2",19.21,0.38,"At.Centre",8,4
"319488","R3",12.04,0.27,"At.Centre",3,1
"319488","R4",12.04,0.24,"At.Centre",3,1
"319488","R5",19.24,0.59,"At.Centre",10,6
"319488","R6",35.34,0.47,"At.Centre",5,3
"319488","R9",14.76,0.58,"At.Centre",5,1
"319488","R10",17,0.27,"At.Centre",6,4
"319488","R11",33.24,0.8,"At.Centre",5,3
"319488","R15",16,0.3,"At.Centre",7,5
"319488","R16",5,0,"At.Margin",9,4
"319488","R17",17.46,0.24,"At.Centre",9,4
"319488","R18",13.93,0.67,"At.Centre",3,1
"319488","R19",19.65,0.97,"At.Centre",2,1
"319488","R20",22.36,0.91,"At.Centre",2,1
"319488","R21",9.22,0.04,"At.Margin",6,4
"319489","R1",6.71,0,"At.Margin",6,3
"319489","R2",17.89,0.49,"At.Centre",8,5
"319489","R3",22.8,0.49,"At.Centre",8,3
"319489","R4",15.65,0.42,"At.Centre",6,3
"319489","R5",19.1,0.51,"At.Centre",6,3
"319489","R6",34.71,0.63,"At.Centre",6,3
"319489","R7",42.06,0.56,"At.Centre",10,6
"319489","R8",28.16,0.57,"At.Centre",9,4
"319489","R9",8.54,0,"At.Margin",6,2
"319489","R10",5.83,0,"At.Margin",6,3
"319489","R11",25.18,0.56,"At.Centre",5,3
"319489","R12",44.72,0.56,"At.Centre",19,9
"319489","R13",49.73,0.53,"At.Centre",26,14
"319489","R15",12.53,0.32,"At.Centre",3,1
"319489","R16",18.79,0.56,"At.Centre",5,2
"319489","R17",33.11,0.53,"At.Centre",7,4
"319489","R18",30.07,0.99,"At.Centre",5,3
"319489","R20",13.34,0.48,"At.Centre",3,1
"319489","R21",7.21,0,"At.Margin",5,3
"319489","R22",16,0.34,"At.Centre",8,4
"319489","R23",10.2,0.1,"At.Centre",2,1
"319489","R24",12.65,0.28,"At.Centre",3,1
"319489","R25",3.61,0,"At.Margin",3,1
"319500","R1",4,0,"At.Margin",7,4
"319500","R2",15.52,0.32,"At.Centre",6,2
"319500","R3",15.13,0.32,"At.Centre",7,4
"319500","R4",10.77,0.05,"At.Centre",7,5
"319500","R5",13.45,0.08,"At.Centre",6,3
"319500","R6",29.07,0.92,"At.Centre",4,2
"319500","R8",29.55,0.56,"At.Centre",6,2
"319500","R9",15.26,0.33,"At.Centre",5,2
"319500","R10",23,0.53,"At.Centre",5,2
"319500","R11",41.73,0.86,"At.Centre",6,2
"319500","R12",53.6,0.56,"At.Centre",26,14
"319500","R13",40.79,0.57,"At.Centre",11,7
"319500","R14",21.1,0.66,"At.Centre",9,6
"319500","R15",19.65,0.54,"At.Centre",7,3
"319500","R16",37.64,0.54,"At.Centre",7,2
"319500","R17",43.32,0.42,"At.Centre",12,7
"319500","R18",31.83,0.48,"At.Centre",8,5
"319500","R19",15.62,0.33,"At.Centre",9,6
"319500","R20",9.85,0,"At.Margin",9,4
"319500","R21",21.02,0.47,"At.Centre",7,4
"319500","R22",24.35,0.49,"At.Centre",9,5
"319500","R23",16.55,0.39,"At.Centre",4,2
"319500","R24",3.61,0,"At.Margin",6,3
"319500","R25",5,0,"At.Margin",8,5
"319501","R1",8.06,0,"At.Margin",10,6
"319501","R2",9.22,0.05,"At.Margin",8,4
"319501","R3",8,0,"At.Margin",3,1
"319501","R4",17.09,0.49,"At.Centre",7,2
"319501","R5",8.06,0,"At.Margin",4,2
"319501","R6",7.62,0,"At.Margin",7,4
"319501","R7",24.08,0.53,"At.Centre",12,7
"319501","R10",34.21,0.84,"At.Centre",4,2
"319501","R11",14.56,0.22,"At.Centre",7,2
"319501","R12",14,0.14,"At.Centre",9,4
"319501","R13",33.73,0.48,"At.Centre",8,4
"319501","R14",46.53,0.84,"At.Centre",10,6
"319501","R16",21.1,0.91,"At.Centre",3,1
"319501","R17",7.62,0,"At.Margin",6,2
"319501","R18",10.44,0,"At.Centre",15,8
"319501","R19",29.73,0.47,"At.Centre",12,7
"319501","R20",41,0.44,"At.Centre",11,5
"319501","R21",32.8,0.72,"At.Centre",5,3
"319501","R22",16.12,0.56,"At.Centre",6,4
"319501","R23",16.64,0.28,"At.Centre",13,7
"319501","R24",21.1,0.58,"At.Centre",7,4
"319501","R25",15.3,0.33,"At.Centre",6,3
"319501","R26",5,0,"At.Margin",7,5
"362174","R1",7.62,0,"At.Margin",8,4
"362174","R2",18.44,0.56,"At.Centre",4,2
"362174","R3",18.38,0.39,"At.Centre",7,4
"362174","R4",7.07,0,"At.Margin",7,3
"362174","R5",3.61,0,"At.Margin",8,4
"362174","R6",15.81,0.44,"At.Centre",6,3
"362174","R7",20.59,0.89,"At.Centre",2,1
"362174","R8",34.41,0.71,"At.Centre",10,5
"362174","R9",32.65,0.54,"At.Centre",10,5
"362174","R10",14.32,0.23,"At.Centre",8,3
"362174","R11",9,0.18,"At.Margin",6,3
"362174","R12",28.43,0.73,"At.Centre",8,5
"362174","R14",42.76,0.92,"At.Centre",4,2
"362174","R16",5,0.09,"At.Margin",7,3
"362174","R17",11.4,0.33,"At.Centre",3,1
"362174","R20",22.8,0.97,"At.Centre",2,1
"362174","R21",5.39,0,"At.Margin",7,3
"362174","R22",6,0,"At.Margin",7,3
"362174","R25",20.81,0.75,"At.Centre",4,2
"362174","R26",8.94,0,"At.Margin",6,3
"362174","R27",4.47,0,"At.Margin",8,5
"362174","R28",17.26,0.3,"At.Centre",8,4
"362174","R29",16.55,0.48,"At.Centre",5,3
"362174","R30",4.24,0,"At.Margin",7,5
"362231","R1",5.1,0,"At.Margin",12,6
"362231","R2",9,0,"At.Margin",13,7
"362231","R3",16.12,0.2,"At.Centre",6,3
"362231","R4",22.83,0.92,"At.Centre",7,3
"362231","R5",28.44,0.62,"At.Centre",10,5
"362231","R6",13,0.16,"At.Centre",8,4
"362231","R7",7.81,0,"At.Margin",3,1
"362231","R10",39,0.95,"At.Centre",7,4
"362231","R11",19,0.43,"At.Centre",7,3
"362231","R12",10,0.0600000000000001,"At.Margin",3,1
"362231","R16",13.42,0.2,"At.Centre",10,5
"362231","R17",4.12,0,"At.Margin",5,1
"362231","R19",38.42,0.91,"At.Centre",4,2
"362231","R20",24.21,0.94,"At.Centre",5,3
"362231","R21",9.43,0.01,"At.Margin",6,4
"362231","R22",4.12,0,"At.Margin",6,3
"362231","R23",21.63,0.48,"At.Centre",10,6
"362231","R24",24.84,0.46,"At.Centre",7,3
"362231","R25",10.77,0.05,"At.Centre",5,3
"362231","R26",6.32,0,"At.Margin",7,3
"362231","R27",6.71,0,"At.Margin",9,6
"362238","R1",8,0,"At.Margin",7,4
"362238","R2",7,0,"At.Margin",8,5
"362238","R3",15.3,0.32,"At.Centre",6,4
"362238","R4",27.66,0.51,"At.Centre",8,5
"362238","R5",24.21,0.54,"At.Centre",8,5
"362238","R6",11.05,0.05,"At.Centre",9,5
"362238","R7",5,0,"At.Margin",8,4
"362238","R8",23.54,0.51,"At.Centre",8,4
"362238","R9",41.88,0.54,"At.Centre",12,6
"362238","R10",35.36,0.68,"At.Centre",8,5
"362238","R11",20.25,0.97,"At.Centre",2,1
"362238","R12",6.71,0,"At.Margin",3,1
"362238","R13",22.36,0.53,"At.Centre",8,5
"362238","R14",41.23,0.53,"At.Centre",11,8
"362238","R15",43.01,0.62,"At.Centre",15,8
"362238","R17",10,0.03,"At.Margin",2,1
"362238","R18",14.21,0.41,"At.Centre",8,4
"362238","R19",29.07,0.54,"At.Centre",7,5
"362238","R20",32.65,0.84,"At.Centre",8,5
"362238","R21",15.81,0.52,"At.Centre",3,1
"362238","R22",11.66,0.0600000000000001,"At.Centre",6,3
"362238","R23",13.89,0.22,"At.Centre",8,5
"362238","R24",5,0,"At.Margin",9,5
"362244","R1",13.6,0.47,"At.Centre",4,1
"362244","R2",13.42,0.46,"At.Centre",3,1
"362244","R3",5,0,"At.Margin",3,1
"362244","R4",13.45,0.52,"At.Centre",4,1
"362244","R7",19.1,0.96,"At.Centre",5,1
"362244","R8",15.13,0.25,"At.Centre",9,7
"362244","R9",29.07,0.99,"At.Centre",2,1
"362244","R13",4,0,"At.Margin",3,1
"362244","R14",8.25,0,"At.Margin",9,5
"362244","R15",28.07,0.54,"At.Centre",6,2
"362244","R16",43.46,0.72,"At.Centre",21,11
"362244","R18",14.42,0.62,"At.Centre",2,1
"362244","R19",19.8,0.41,"At.Centre",8,3
"362244","R20",31.14,0.43,"At.Centre",7,4
"362244","R21",20.02,0.58,"At.Centre",5,3
"362244","R22",5.66,0,"At.Margin",7,2
"362244","R23",11.4,0.16,"At.Centre",5,2
"362244","R24",6.08,0,"At.Margin",4,2
"36808","R1",5.83,0,"At.Margin",3,1
"36808","R2",6.32,0,"At.Margin",4,1
"36808","R3",5.83,0,"At.Margin",4,1
"36808","R6",19,0.92,"At.Centre",4,1
"36808","R7",15.26,0.33,"At.Centre",4,2
"36808","R8",4.12,0,"At.Margin",5,2
"36808","R9",22.8,0.65,"At.Centre",7,2
"36808","R11",43.83,0.96,"At.Centre",4,2
"36808","R12",39,0.9,"At.Centre",4,2
"36808","R13",21.84,0.52,"At.Centre",7,3
"36808","R14",19.24,0.54,"At.Centre",6,3
"36808","R15",38.83,0.62,"At.Centre",9,4
"36808","R16",55.36,0.41,"At.Centre",26,14
"36808","R17",38.9,0.49,"At.Centre",8,3
"36808","R18",19.1,0.52,"At.Centre",4,2
"36808","R19",13.04,0.14,"At.Centre",8,4
"36808","R20",29.07,0.46,"At.Centre",12,7
"36808","R21",36.14,0.53,"At.Centre",12,7
"36808","R22",29.15,0.61,"At.Centre",8,4
"36808","R23",13.6,0.18,"At.Centre",7,3
"36808","R24",12.37,0.2,"At.Centre",6,3
"36808","R25",16.76,0.39,"At.Centre",8,4
"36808","R26",11.4,0.1,"At.Centre",8,3
"36811","R1",10.44,0.01,"At.Centre",4,1
"36811","R2",12,0.24,"At.Centre",3,1
"36811","R3",20.88,0.58,"At.Centre",4,2
"36811","R4",15,0.32,"At.Centre",7,5
"36811","R5",8.94,0.0600000000000001,"At.Margin",2,1
"36811","R8",36.72,0.7,"At.Centre",7,3
"36811","R9",26.93,0.51,"At.Centre",7,5
"36811","R10",7,0,"At.Margin",9,5
"36811","R11",6.71,0,"At.Margin",8,6
"36811","R12",22.36,0.76,"At.Centre",6,3
"36811","R15",35.34,0.99,"At.Centre",4,2
"36811","R16",18.87,0.44,"At.Centre",9,6
"36811","R17",9.85,0,"At.Margin",9,5
"36811","R18",29.15,0.42,"At.Centre",5,2
"36811","R19",38.28,0.92,"At.Centre",5,2
"36811","R21",22,0.8,"At.Centre",5,3
"36811","R22",9.22,0,"At.Margin",9,4
"36811","R23",14.87,0.24,"At.Centre",5,2
"36811","R24",19.1,0.48,"At.Centre",7,3
"36811","R25",11.18,0.0600000000000001,"At.Centre",7,4
"87567","R1",5.39,0,"At.Margin",4,1
"87567","R2",9.43,0.03,"At.Margin",4,1
"87567","R3",13,0.0600000000000001,"At.Centre",7,2
"87567","R4",6.71,0,"At.Margin",7,3
"87567","R5",4.47,0,"At.Margin",4,1
"87567","R6",22.36,0.99,"At.Centre",4,2
"87567","R8",30.46,0.89,"At.Centre",4,2
"87567","R9",21.4,0.48,"At.Centre",10,6
"87567","R10",4.12,0,"At.Margin",5,2
"87567","R11",12.73,0.3,"At.Centre",9,4
"87567","R12",30.36,0.99,"At.Centre",4,2
"87567","R14",43.27,0.52,"At.Centre",18,9
"87567","R15",26.68,0.51,"At.Centre",7,3
"87567","R16",7,0,"At.Margin",8,4
"87567","R17",4.12,0,"At.Margin",7,4
"87567","R18",23.54,0.65,"At.Centre",7,4
"87567","R19",41.01,0.53,"At.Centre",13,7
"87567","R20",35,0.57,"At.Centre",8,4
"87567","R21",25.94,0.61,"At.Centre",9,5
"87567","R22",15.26,0.33,"At.Centre",7,3
"87567","R23",13.45,0.24,"At.Centre",5,2
"87567","R24",26.57,0.46,"At.Centre",13,6
"87567","R25",19.24,0.51,"At.Centre",9,3
"87567","R26",7.21,0.03,"At.Margin",9,5
"87567","R27",7.07,0,"At.Margin",11,5
"87570","R1",13.6,0.29,"At.Centre",9,3
"87570","R2",19.1,0.62,"At.Centre",7,3
"87570","R3",13.89,0.18,"At.Centre",5,3
"87570","R4",16.64,0.47,"At.Centre",7,3
"87570","R5",31.38,0.48,"At.Centre",12,7
"87570","R6",38.83,0.53,"At.Centre",9,5
"87570","R7",25.18,0.53,"At.Centre",6,4
"87570","R8",5.83,0,"At.Margin",6,2
"87570","R9",5,0,"At.Margin",7,3
"87570","R10",24.33,0.61,"At.Centre",11,5
"87570","R11",44.18,0.48,"At.Centre",14,6
"87570","R12",47.13,0.49,"At.Centre",26,14
"87570","R13",28.65,0.99,"At.Centre",5,3
"87570","R14",10.05,0.04,"At.Centre",3,1
"87570","R15",19.24,0.56,"At.Centre",5,3
"87570","R16",36.77,0.52,"At.Centre",7,3
"87570","R17",34.23,0.78,"At.Centre",5,2
"87570","R19",12.65,0.24,"At.Centre",2,1
"87570","R20",9.43,0,"At.Margin",11,6
"87570","R21",21.84,0.49,"At.Centre",8,4
"87570","R22",14.56,0.68,"At.Centre",4,1
"87570","R23",18.03,0.73,"At.Centre",2,1
"87570","R24",8.54,0,"At.Margin",7,3
"87571","R1",6.71,0,"At.Margin",8,5
"87571","R2",9.22,0.0600000000000001,"At.Margin",5,3
"87571","R3",25.81,0.82,"At.Centre",5,3
"87571","R4",17.09,0.3,"At.Centre",7,3
"87571","R5",17.2,0.23,"At.Centre",6,3
"87571","R8",19.42,0.63,"At.Centre",4,1
"87571","R9",13,0.14,"At.Centre",10,6
"87571","R10",30.41,0.56,"At.Centre",11,6
"87571","R13",23.6,0.96,"At.Centre",3,1
"87571","R14",10.63,0,"At.Centre",5,2
"87571","R15",9.22,0,"At.Margin",7,4
"87571","R16",25.5,0.48,"At.Centre",10,6
"87571","R18",36.88,0.99,"At.Centre",2,1
"87571","R19",37,0.53,"At.Centre",4,2
"87571","R20",18.03,0.61,"At.Centre",4,2
"87571","R21",8.54,0,"At.Margin",6,4
"87571","R22",12.17,0.35,"At.Centre",10,6
"87571","R23",17.46,0.46,"At.Centre",5,2
"87571","R24",23.54,0.53,"At.Centre",4,2
"87571","R25",12.08,0.0600000000000001,"At.Centre",3,2
"87571","R26",4,0,"At.Margin",6,2
"138995","R1",13,0.25,"At.Centre",3,1
"138995","R2",17,0.62,"At.Centre",4,1
"138995","R3",16.28,0.56,"At.Centre",6,4
"138995","R4",7.62,0,"At.Margin",6,2
"138995","R5",12.17,0.19,"At.Centre",4,1
"138995","R8",33.11,0.97,"At.Centre",4,2
"138995","R9",24.7,0.54,"At.Centre",10,5
"138995","R10",8.6,0,"At.Margin",7,5
"138995","R11",11.7,0.22,"At.Centre",3,1
"138995","R14",41.76,0.53,"At.Centre",19,10
"138995","R15",33,0.48,"At.Centre",10,4
"138995","R16",13,0.19,"At.Centre",11,4
"138995","R17",16.12,0.72,"At.Centre",3,1
"138995","R19",23.32,0.85,"At.Centre",6,3
"138995","R20",24.7,0.51,"At.Centre",7,3
"138995","R21",9.43,0.05,"At.Margin",11,8
"138995","R22",7.07,0,"At.Margin",7,3
"138995","R23",6.08,0,"At.Margin",8,3
"163289","R1",11.7,0.09,"At.Centre",6,2
"163289","R2",20.22,0.59,"At.Centre",9,5
"163289","R3",14.21,0.35,"At.Centre",5,3
"163289","R4",7.21,0,"At.Margin",7,4
"163289","R5",17.2,0.9,"At.Centre",2,1
"163289","R7",39.2,0.47,"At.Centre",8,4
"163289","R8",28.18,0.48,"At.Centre",10,5
"163289","R9",9.22,0.03,"At.Margin",11,7
"163289","R10",4,0,"At.Margin",6,2
"163289","R11",22.56,0.99,"At.Centre",2,1
"163289","R12",42.3,0.65,"At.Centre",23,11
"163289","R13",52.77,0.51,"At.Centre",26,14
"163289","R14",33,0.48,"At.Centre",10,7
"163289","R15",13,0.15,"At.Centre",8,5
"163289","R16",6,0,"At.Margin",7,4
"163289","R17",22.63,0.9,"At.Centre",5,3
"163289","R18",37.44,0.47,"At.Centre",7,3
"163289","R19",36.25,0.49,"At.Centre",10,6
"163289","R20",25.46,0.66,"At.Centre",5,3
"163289","R21",8.54,0.03,"At.Margin",8,5
"163289","R22",9.85,0.04,"At.Margin",6,4
"163289","R23",21.02,0.58,"At.Centre",9,4
"163289","R24",17.89,0.53,"At.Centre",6,4
"163289","R25",9.9,0.19,"At.Margin",7,5
"18005","R1",4.12,0,"At.Margin",9,6
"18005","R2",10.05,0.0600000000000001,"At.Centre",5,3
"18005","R3",16.28,0.46,"At.Centre",10,5
"18005","R4",22.36,0.99,"At.Centre",2,1
"18005","R5",28.84,0.87,"At.Centre",6,4
"18005","R6",9,0.18,"At.Margin",4,2
"18005","R7",5.83,0,"At.Margin",10,7
"18005","R8",22.02,0.86,"At.Centre",7,4
"18005","R11",17.46,0.78,"At.Centre",3,1
"18005","R12",13,0.3,"At.Centre",3,1
"18005","R15",28.43,0.92,"At.Centre",5,3
"18005","R16",17.49,0.46,"At.Centre",9,3
"18005","R17",6,0.05,"At.Margin",4,2
"18005","R18",26,0.82,"At.Centre",5,2
"18005","R19",44.01,0.75,"At.Centre",4,2
"18005","R20",38.83,0.53,"At.Centre",23,13
"18005","R21",22.8,0.62,"At.Centre",8,5
"18005","R22",4,0,"At.Margin",11,6
"18005","R23",9.49,0,"At.Margin",3,2
"18005","R24",26.4,0.48,"At.Centre",4,2
"18005","R25",25.63,0.49,"At.Centre",4,2
"18005","R26",19.42,0.53,"At.Centre",8,4
"18005","R27",11.31,0.18,"At.Centre",6,3
"18005","R28",7.28,0,"At.Margin",3,2
"18005","R29",6.71,0,"At.Margin",4,2
"18141","R1",8.6,0,"At.Margin",7,3
"18141","R2",15,0.22,"At.Centre",9,4
"18141","R3",9.43,0.05,"At.Margin",7,4
"18141","R4",21,0.73,"At.Centre",6,2
"18141","R5",35,0.76,"At.Centre",7,3
"18141","R6",25.32,0.51,"At.Centre",14,7
"18141","R7",6.08,0.0600000000000001,"At.Margin",7,3
"18141","R8",6.71,0,"At.Margin",3,1
"18141","R11",19.65,0.91,"At.Centre",2,1
"18141","R12",12.04,0.03,"At.Centre",4,1
"18141","R15",17.72,0.86,"At.Centre",2,1
"18141","R16",16.12,0.77,"At.Centre",3,1
"18141","R17",19.1,0.95,"At.Centre",2,1
"18141","R18",14.21,0.01,"At.Centre",4,1
"18596","R1",3.61,0,"At.Margin",6,3
"18596","R2",15.13,0,"At.Centre",7,5
"18596","R3",19.92,0.24,"At.Centre",7,3
"18596","R4",13,0.04,"At.Centre",10,7
"18596","R5",16.4,0.28,"At.Centre",8,3
"18596","R6",31.83,0.97,"At.Centre",2,1
"18596","R8",30.48,0.8,"At.Centre",6,3
"18596","R9",15.56,0.35,"At.Centre",5,2
"18596","R10",21.59,0.48,"At.Centre",5,3
"18596","R12",55.08,0.53,"At.Centre",13,6
"18596","R13",41.34,0.76,"At.Centre",5,3
"18596","R14",22,0.56,"At.Centre",8,4
"18596","R15",14.14,0.16,"At.Centre",9,4
"18596","R16",28.65,0.61,"At.Centre",4,2
"18596","R17",35.51,0.86,"At.Centre",4,2
"18596","R18",27.8,0.63,"At.Centre",8,3
"18596","R19",13.45,0.2,"At.Centre",9,5
"18596","R20",11.7,0.03,"At.Centre",5,2
"18596","R21",16.16,0.33,"At.Centre",9,4
"18596","R22",11.18,0.04,"At.Centre",7,3
"19137","R1",8.54,0.03,"At.Margin",6,4
"19137","R2",13,0.49,"At.Centre",3,1
"19137","R3",27.86,0.96,"At.Centre",2,1
"19137","R4",18.36,0.27,"At.Centre",7,3
"19137","R5",12.65,0.49,"At.Centre",2,1
"19137","R8",18,0.87,"At.Centre",2,1
"19137","R9",15.81,0.73,"At.Centre",2,1
"19137","R12",20.1,0.99,"At.Centre",2,1
"19137","R13",14.87,0.46,"At.Centre",3,1
"19137","R16",19,0.56,"At.Centre",3,1
"19137","R17",3,0,"At.Margin",8,4
"19137","R18",15.26,0.22,"At.Centre",7,3
"19137","R19",15.62,0.53,"At.Centre",5,3
"19137","R20",6,0.05,"At.Margin",2,1
"211934","R1",13,0.51,"At.Centre",2,1
"211934","R2",15,0.57,"At.Centre",3,1
"211934","R3",13.93,0.66,"At.Centre",5,2
"211934","R4",13,0.14,"At.Centre",10,4
"211934","R5",12.37,0.24,"At.Centre",4,1
"211934","R8",33.38,0.99,"At.Centre",5,3
"211934","R9",26,0.49,"At.Centre",7,5
"211934","R10",7,0.01,"At.Margin",4,2
"211934","R11",14.87,0.52,"At.Centre",5,1
"211934","R15",18.44,0.56,"At.Centre",4,2
"211934","R16",7.81,0.03,"At.Margin",4,1
"211934","R18",43.29,0.87,"At.Centre",5,3
"211934","R19",23.54,0.97,"At.Centre",5,2
"211934","R20",5,0,"At.Margin",8,3
"211934","R21",5.83,0,"At.Margin",4,2
"211934","R22",24.7,0.57,"At.Centre",5,3
"211934","R23",35.06,0.53,"At.Centre",10,3
"211934","R24",23.41,0.51,"At.Centre",9,5
"211934","R25",4.12,0,"At.Margin",9,4
"211934","R26",9.85,0.0600000000000001,"At.Margin",9,4
"211934","R27",15.13,0.44,"At.Centre",8,4
"211934","R28",9.85,0,"At.Margin",7,5
"212097","R1",4.24,0,"At.Margin",9,4
"212097","R2",10.2,0,"At.Centre",13,6
"212097","R3",14.42,0.41,"At.Centre",7,5
"212097","R4",23.6,0.91,"At.Centre",5,3
"212097","R5",11.7,0.43,"At.Centre",3,1
"212097","R6",4.12,0,"At.Margin",7,1
"212097","R7",10.3,0.1,"At.Centre",4,1
"212097","R10",16.49,0.8,"At.Centre",4,1
"212097","R11",14.14,0.22,"At.Centre",2,1
"212097","R14",24.84,0.99,"At.Centre",4,2
"212097","R15",13.6,0.19,"At.Centre",7,4
"212097","R16",19.24,0.53,"At.Centre",9,6
"212097","R17",37.58,0.57,"At.Centre",8,5
"212097","R18",42.95,0.73,"At.Centre",9,6
"212097","R19",31.91,0.48,"At.Centre",11,8
"212097","R20",14.76,0.44,"At.Centre",6,3
"212097","R21",9.85,0.01,"At.Margin",6,4
"212097","R22",19.7,0.59,"At.Centre",7,4
"212097","R23",23.54,0.47,"At.Centre",9,6
"212097","R24",21.93,0.52,"At.Centre",9,5
"212097","R25",5.1,0,"At.Margin",6,4
"212097","R26",5,0,"At.Margin",7,5
"212097","R27",5.1,0,"At.Margin",8,3
"212797","R1",6.71,0,"At.Margin",13,6
"212797","R2",5.83,0.03,"At.Margin",12,6
"212797","R3",14.87,0.32,"At.Centre",8,4
"212797","R4",25.71,0.53,"At.Centre",8,4
"212797","R5",24.7,0.53,"At.Centre",10,4
"212797","R6",11.18,0.0600000000000001,"At.Centre",7,4
"212797","R7",5,0.05,"At.Margin",9,6
"212797","R8",24.19,0.62,"At.Centre",8,4
"212797","R9",43.01,0.52,"At.Centre",24,13
"212797","R10",38.47,0.52,"At.Centre",12,7
"212797","R11",22.63,0.56,"At.Centre",7,5
"212797","R12",9.85,0,"At.Margin",6,4
"212797","R13",3.16,0,"At.Margin",9,5
"212797","R14",18.79,0.85,"At.Centre",4,1
"212797","R18",17.26,0.09,"At.Centre",10,6
"212797","R19",16.76,0.84,"At.Centre",2,1
"212797","R23",5.66,0,"At.Margin",7,3
"212797","R24",8.06,0,"At.Margin",6,3
"212797","R25",17.09,0.62,"At.Centre",7,3
"212797","R26",20.62,0.97,"At.Centre",2,1
"212797","R28",14.21,0.46,"At.Centre",5,1
"212797","R29",4.12,0,"At.Margin",4,1
"225642","R1",4.47,0,"At.Margin",7,4
"225642","R2",9.06,0.03,"At.Margin",8,6
"225642","R3",8.49,0,"At.Margin",5,3
"225642","R4",22.47,0.52,"At.Centre",6,3
"225642","R5",28.79,0.44,"At.Centre",10,5
"225642","R6",19.85,0.51,"At.Centre",6,4
"225642","R7",5.66,0,"At.Margin",11,6
"225642","R8",17.03,0.42,"At.Centre",6,2
"225642","R9",35.78,0.37,"At.Centre",7,3
"225642","R10",47.76,0.49,"At.Centre",23,12
"225642","R11",32.65,0.47,"At.Centre",8,4
"225642","R12",13.93,0.15,"At.Centre",7,3
"225642","R13",11.4,0.05,"At.Centre",2,1
"225642","R15",43.42,0.66,"At.Centre",15,7
"225642","R16",27.59,0.91,"At.Centre",4,2
"225642","R17",13,0.16,"At.Centre",6,3
"225642","R18",10.3,0.0600000000000001,"At.Centre",4,1
"225642","R21",17.49,0.72,"At.Centre",2,1
"225642","R22",4.24,0,"At.Margin",6,1
"225642","R23",19.42,0.84,"At.Centre",3,1
"225642","R24",18.44,0.95,"At.Centre",2,1
"225642","R25",6.32,0,"At.Margin",4,1
"225642","R26",13.04,0.11,"At.Centre",7,3
"225642","R27",9.43,0,"At.Margin",7,3
"226390","R1",5,0,"At.Margin",3,1
"226390","R2",15.52,0.54,"At.Centre",4,1
"226390","R3",16.16,0.81,"At.Centre",5,1
"226390","R4",8.25,0,"At.Margin",2,1
"226390","R5",9.43,0.03,"At.Margin",7,4
"226390","R6",17.03,0.84,"At.Centre",2,1
"226390","R9",20.12,0.99,"At.Centre",2,1
"226390","R10",9,0,"At.Margin",7,2
"226390","R11",17.72,0.42,"At.Centre",6,3
"226390","R16",23.35,0.54,"At.Centre",7,4
"226390","R17",4,0,"At.Margin",8,5
"226390","R18",8.06,0,"At.Margin",8,4
"226390","R19",23.41,0.8,"At.Centre",4,2
"226390","R20",21.38,0.97,"At.Centre",3,1
"226390","R22",12.04,0.33,"At.Centre",3,1
"226390","R23",8,0,"At.Margin",6,4
"226390","R24",5,0,"At.Margin",4,2
"226390","R25",3.61,0,"At.Margin",3,1
"226486","R1",7.62,0,"At.Margin",6,3
"226486","R2",8.06,0.04,"At.Margin",6,1
"226486","R3",13,0.28,"At.Centre",3,1
"226486","R4",5.83,0,"At.Margin",5,1
"226486","R5",21.1,0.63,"At.Centre",5,2
"226486","R7",32.56,0.95,"At.Centre",4,2
"226486","R8",19.42,0.97,"At.Centre",2,1
"226486","R9",11,0.32,"At.Centre",2,1
"226486","R13",10.77,0,"At.Centre",5,2
"226486","R14",6,0,"At.Margin",6,3
"226486","R15",26,0.97,"At.Centre",2,1
"226486","R17",24.76,0.63,"At.Centre",4,2
"226486","R18",8.25,0,"At.Margin",4,2
"226486","R19",5.39,0,"At.Margin",8,6
"226486","R20",12.73,0.08,"At.Centre",8,4
"226486","R21",9,0,"At.Margin",8,5
"226486","R22",8,0,"At.Margin",7,3
"230821","R1",3.16,0,"At.Margin",6,3
"230821","R2",13.93,0.29,"At.Centre",7,3
"230821","R3",14.32,0.0600000000000001,"At.Centre",5,2
"230821","R4",4.24,0,"At.Margin",7,4
"230821","R5",15.23,0,"At.Centre",11,5
"230821","R6",31.14,0.8,"At.Centre",6,3
"230821","R7",31.76,0.94,"At.Centre",4,2
"230821","R8",20.59,0.58,"At.Centre",9,4
"230821","R9",9.9,0,"At.Margin",10,5
"230821","R10",10.2,0.04,"At.Centre",4,1
"230821","R14",18,0.39,"At.Centre",8,6
"230821","R15",8.94,0.09,"At.Margin",2,1
"230821","R18",24.19,0.99,"At.Centre",3,1
"230821","R19",11.7,0.15,"At.Centre",7,4
"230821","R20",12.65,0.22,"At.Centre",5,1
"230821","R21",16,0.71,"At.Centre",2,1
"230821","R22",11.7,0.19,"At.Centre",5,3
"230829","R1",6.4,0,"At.Margin",2,1
"230829","R2",14.87,0.33,"At.Centre",3,1
"230829","R3",19.92,0.35,"At.Centre",7,3
"230829","R4",4.47,0,"At.Margin",8,4
"230829","R5",7.21,0,"At.Margin",4,1
"230829","R8",28,0.9,"At.Centre",2,1
"230829","R9",8,0,"At.Margin",13,7
"230829","R10",18,0.53,"At.Centre",4,1
"230829","R14",11,0,"At.Centre",8,5
"230829","R15",18.79,0.94,"At.Centre",2,1
"230829","R17",20,0.46,"At.Centre",3,1
"230829","R18",4.12,0,"At.Margin",6,4
"230829","R19",10.63,0.32,"At.Centre",11,5
"230829","R20",10.77,0.03,"At.Centre",9,4
"230829","R21",5,0,"At.Margin",5,3
"230831","R1",12.21,0.11,"At.Centre",10,7
"230831","R2",17.46,0.2,"At.Centre",6,3
"230831","R3",5,0,"At.Margin",6,4
"230831","R4",7.07,0.05,"At.Margin",3,1
"230831","R5",24.04,0.96,"At.Centre",3,1
"230831","R7",10.63,0.04,"At.Centre",6,1
"230831","R8",18.79,0.95,"At.Centre",2,1
"230831","R12",4,0.01,"At.Margin",4,1
"230831","R17",4.12,0,"At.Margin",2,1
"230831","R18",12.04,0.33,"At.Centre",3,1
"230831","R21",14.21,0.43,"At.Centre",2,1
"230831","R22",5.1,0,"At.Margin",2,1
"230831","R23",5.83,0,"At.Margin",4,1
"232318","R1",12.04,0.11,"At.Centre",10,5
"232318","R2",20,0.57,"At.Centre",8,4
"232318","R3",14.32,0.18,"At.Centre",9,6
"232318","R4",7,0,"At.Margin",8,4
"232318","R5",25.24,0.66,"At.Centre",7,3
"232318","R6",38.91,0.56,"At.Centre",12,6
"232318","R7",31.62,0.53,"At.Centre",8,3
"232318","R8",16.64,0.51,"At.Centre",7,3
"232318","R9",4.47,0,"At.Margin",4,1
"232318","R11",44.05,0.54,"At.Centre",23,12
"232318","R12",43.74,0.56,"At.Centre",17,10
"232318","R13",24.35,0.59,"At.Centre",8,5
"232318","R14",5,0,"At.Margin",8,3
"232318","R15",8.25,0.03,"At.Margin",3,1
"232318","R18",24.33,0.99,"At.Centre",4,2
"232318","R19",20.25,0.58,"At.Centre",6,4
"232318","R20",4.12,0,"At.Margin",10,7
"232318","R21",14.42,0.13,"At.Centre",8,5
"232318","R22",26.17,0.96,"At.Centre",2,1
"232318","R23",17.09,0.77,"At.Centre",4,1
"232318","R24",5.66,0,"At.Margin",3,1
"232318","R25",4.47,0,"At.Margin",10,5
"232318","R26",8.06,0,"At.Margin",8,5
"232318","R27",11.4,0,"At.Centre",5,2
"232792","R1",6.32,0,"At.Margin",4,1
"232792","R2",12.53,0.0600000000000001,"At.Centre",3,1
"232792","R3",10.82,0,"At.Centre",4,1
"232792","R6",22,0.96,"At.Centre",5,3
"232792","R7",21.63,0.53,"At.Centre",5,3
"232792","R8",4.12,0,"At.Margin",7,4
"232792","R9",14.76,0.35,"At.Centre",8,2
"232792","R10",27.51,0.68,"At.Centre",5,3
"232792","R13",33.24,0.65,"At.Centre",7,4
"232792","R14",28.43,0.56,"At.Centre",6,4
"232792","R15",9,0,"At.Margin",7,4
"232792","R16",16.4,0.39,"At.Centre",8,3
"232792","R17",34.41,0.53,"At.Centre",13,7
"232792","R18",31.14,0.77,"At.Centre",5,2
"232792","R19",19.1,0.99,"At.Centre",2,1
"232792","R20",13.6,0.61,"At.Centre",6,3
"232792","R21",16.28,0.52,"At.Centre",9,6
"232792","R22",6.71,0,"At.Margin",7,5
"232792","R23",17.09,0.46,"At.Centre",6,4
"232792","R24",18.38,0.67,"At.Centre",6,3
"233199","R1",12.04,0.2,"At.Centre",2,1
"233199","R2",12,0.37,"At.Centre",3,1
"233199","R3",14.42,0.49,"At.Centre",6,4
"233199","R4",9.85,0,"At.Margin",6,3
"233199","R5",13.89,0.38,"At.Centre",2,1
"233199","R8",32.98,0.77,"At.Centre",7,2
"233199","R9",26.08,0.51,"At.Centre",11,5
"233199","R10",8.25,0,"At.Margin",6,3
"233199","R11",14.32,0.66,"At.Centre",2,1
"233199","R14",33.53,0.92,"At.Centre",4,2
"233199","R15",21.93,0.51,"At.Centre",7,5
"233199","R16",5.39,0,"At.Margin",11,6
"233199","R17",7.07,0,"At.Margin",2,1
"233199","R18",19.7,0.99,"At.Centre",2,1
"233199","R20",15.62,0.62,"At.Centre",3,1
"233199","R21",8.49,0,"At.Margin",6,2
"233199","R22",12.37,0,"At.Centre",10,6
"233199","R23",3.61,0,"At.Margin",8,4
"235615","R1",10,0,"At.Margin",8,4
"235615","R2",6.71,0,"At.Margin",7,4
"235615","R3",4.12,0,"At.Margin",9,5
"235615","R4",19.1,0.59,"At.Centre",6,3
"235615","R5",29.41,0.47,"At.Centre",6,3
"235615","R6",24.7,0.58,"At.Centre",9,4
"235615","R7",12.04,0.09,"At.Centre",10,7
"235615","R8",11.05,0.14,"At.Centre",11,5
"235615","R9",30.08,0.51,"At.Centre",8,5
"235615","R10",47.17,0.39,"At.Centre",25,13
"235615","R11",40.22,0.47,"At.Centre",12,5
"235615","R12",24.21,0.56,"At.Centre",7,3
"235615","R13",9.49,0,"At.Margin",5,3
"235615","R14",9.22,0,"At.Margin",5,2
"235615","R15",25.08,0.72,"At.Centre",5,2
"235615","R16",37.8,0.82,"At.Centre",7,3
"235615","R18",29.73,0.97,"At.Centre",4,2
"235615","R19",13.93,0.3,"At.Centre",5,3
"235615","R20",10.44,0.15,"At.Centre",5,1
"235615","R23",18.97,0.97,"At.Centre",2,1
"235615","R24",16.49,0.72,"At.Centre",2,1
"235615","R25",21.38,0.99,"At.Centre",2,1
"235615","R26",18.79,0.76,"At.Centre",5,3
"235615","R27",4.12,0,"At.Margin",5,3
"235615","R28",12.65,0.08,"At.Centre",6,3
"235616","R1",8.49,0.01,"At.Margin",7,4
"235616","R2",13.93,0.14,"At.Centre",10,7
"235616","R3",6.71,0,"At.Margin",7,4
"235616","R4",20.62,0.84,"At.Centre",7,4
"235616","R5",32.98,0.66,"At.Centre",7,5
"235616","R6",25.06,0.54,"At.Centre",7,4
"235616","R7",12.04,0.11,"At.Centre",6,3
"235616","R8",8.54,0.05,"At.Margin",5,1
"235616","R11",36.67,0.92,"At.Centre",5,3
"235616","R12",17,0.37,"At.Centre",7,4
"235616","R13",10.2,0.05,"At.Centre",2,1
"235616","R16",21.26,0.97,"At.Centre",2,1
"235616","R17",10.63,0,"At.Centre",10,4
"235616","R18",16.12,0.78,"At.Centre",2,1
"235616","R19",19.92,0.97,"At.Centre",2,1
"235616","R20",8.6,0.04,"At.Margin",3,1
"236307","R1",4.24,0,"At.Margin",11,5
"236307","R2",14.76,0.33,"At.Centre",6,3
"236307","R3",20.88,0.61,"At.Centre",5,2
"236307","R4",14.76,0.32,"At.Centre",7,3
"236307","R5",18.03,0.48,"At.Centre",5,3
"236307","R6",32.02,0.47,"At.Centre",11,5
"236307","R7",40.26,0.48,"At.Centre",8,5
"236307","R8",30.81,0.52,"At.Centre",8,6
"236307","R9",14.32,0.23,"At.Centre",10,4
"236307","R10",5.39,0,"At.Margin",6,3
"236307","R11",25,0.56,"At.Centre",6,4
"236307","R12",41.05,0.48,"At.Centre",11,5
"236307","R13",45.69,0.62,"At.Centre",26,14
"236307","R14",39.32,0.49,"At.Centre",10,7
"236307","R15",19.65,0.51,"At.Centre",6,4
"236307","R16",18.36,0.47,"At.Centre",7,5
"236307","R17",21.1,0.95,"At.Centre",2,1
"236307","R18",26.93,0.97,"At.Centre",5,3
"236307","R19",30.48,0.58,"At.Centre",7,4
"236307","R20",14.76,0.41,"At.Centre",9,3
"236307","R21",10,0,"At.Margin",7,3
"236307","R22",13.6,0.15,"At.Centre",9,5
"236307","R23",2.83,0,"At.Margin",7,4
"242992","R1",11.66,0.08,"At.Centre",7,4
"242992","R2",18,0.56,"At.Centre",6,2
"242992","R3",14.04,0.24,"At.Centre",9,4
"242992","R4",5,0,"At.Margin",8,4
"242992","R5",6.32,0,"At.Margin",12,5
"242992","R6",25.08,0.51,"At.Centre",5,2
"242992","R7",37.64,0.47,"At.Centre",6,2
"242992","R8",32.2,0.52,"At.Centre",7,5
"242992","R9",18.36,0.49,"At.Centre",9,4
"242992","R10",4.12,0,"At.Margin",9,3
"242992","R11",21.59,0.96,"At.Centre",4,1
"242992","R12",41.3,0.57,"At.Centre",26,14
"242992","R13",45.18,0.54,"At.Centre",26,14
"242992","R14",26.25,0.53,"At.Centre",8,4
"242992","R15",7,0,"At.Margin",9,6
"242992","R16",19.42,0.95,"At.Centre",3,1
"242992","R17",29.55,0.97,"At.Centre",6,4
"242992","R18",40.31,0.44,"At.Centre",7,4
"242992","R19",26.93,0.56,"At.Centre",6,3
"242992","R20",8,0.09,"At.Margin",6,4
"242992","R21",4.47,0,"At.Margin",3,1
"242992","R22",12.04,0.22,"At.Centre",4,2
"242992","R23",21,0.43,"At.Centre",8,3
"242992","R24",15.23,0.38,"At.Centre",7,4
"243003","R1",10.44,0.01,"At.Centre",7,3
"243003","R2",13,0.35,"At.Centre",5,3
"243003","R3",5,0,"At.Margin",7,5
"243003","R4",14.76,0.27,"At.Centre",6,4
"243003","R5",29.07,0.51,"At.Centre",8,5
"243003","R6",32.25,0.49,"At.Centre",8,3
"243003","R7",18.79,0.56,"At.Centre",6,2
"243003","R8",16.12,0.84,"At.Centre",2,1
"243003","R9",34.93,0.62,"At.Centre",19,11
"243003","R10",46.4,0.54,"At.Centre",22,13
"243003","R11",27.89,0.61,"At.Centre",8,4
"243003","R12",9,0,"At.Margin",5,3
"243003","R13",8.25,0,"At.Margin",9,4
"243003","R15",33.84,0.86,"At.Centre",12,8
"243003","R16",44.55,0.57,"At.Centre",19,11
"243003","R17",29.41,0.59,"At.Centre",7,2
"243003","R18",10,0.16,"At.Margin",7,4
"243003","R19",11.7,0,"At.Centre",9,6
"243003","R20",12,0.11,"At.Centre",2,1
"243003","R21",16.28,0.84,"At.Centre",2,1
"243003","R22",29.07,0.59,"At.Centre",4,2
"243003","R23",20.52,0.53,"At.Centre",7,5
"243003","R24",4,0,"At.Margin",9,5
"243003","R25",4.12,0,"At.Margin",5,3
"243003","R26",9.22,0.01,"At.Margin",6,3
"243004","R1",14.76,0.18,"At.Centre",7,5
"243004","R2",18.44,0.41,"At.Centre",7,4
"243004","R3",9.22,0.41,"At.Margin",9,4
"243004","R4",5,0,"At.Margin",7,4
"243004","R5",12.65,0.2,"At.Centre",6,4
"243004","R6",30.23,0.77,"At.Centre",6,3
"243004","R7",36.06,0.96,"At.Centre",4,2
"243004","R8",29.07,0.48,"At.Centre",9,6
"243004","R9",20.52,0.43,"At.Centre",8,5
"243004","R10",12,0.47,"At.Centre",3,1
"243004","R13",45.54,0.89,"At.Centre",5,3
"243004","R14",25.96,0.48,"At.Centre",6,4
"243004","R15",7,0,"At.Margin",8,5
"243004","R16",13.42,0.38,"At.Centre",3,1
"243004","R20",26.17,0.58,"At.Centre",5,3
"243004","R21",6.71,0,"At.Margin",10,7
"243004","R22",6,0,"At.Margin",5,1
"243004","R23",17.72,0.8,"At.Centre",3,1
"243004","R24",19.1,0.99,"At.Centre",2,1
"243004","R25",16.03,0.58,"At.Centre",2,1
"243004","R26",13.89,0.33,"At.Centre",4,2
"243174","R1",8.94,0,"At.Margin",10,7
"243174","R2",10.05,0.01,"At.Centre",8,5
"243174","R3",10.05,0.0600000000000001,"At.Centre",8,5
"243174","R4",12.21,0.56,"At.Centre",5,2
"243174","R5",27.2,0.96,"At.Centre",5,3
"243174","R6",22.14,0.56,"At.Centre",6,4
"243174","R7",12.53,0.13,"At.Centre",4,2
"243174","R8",28.3,0.56,"At.Centre",4,2
"243174","R11",22.85,0.94,"At.Centre",2,1
"243174","R12",7.62,0,"At.Margin",8,5
"243174","R13",18.97,0.53,"At.Centre",8,4
"243174","R14",38.33,0.51,"At.Centre",16,10
"243174","R15",49.24,0.9,"At.Centre",8,4
"243174","R18",16,0.32,"At.Centre",8,5
"243174","R19",13.89,0.16,"At.Centre",9,4
"243174","R20",28.65,0.46,"At.Centre",6,3
"243174","R21",29.83,0.89,"At.Centre",4,2
"243174","R22",28.18,0.99,"At.Centre",2,1
"243174","R23",22.2,0.66,"At.Centre",5,2
"243174","R24",11.18,0.01,"At.Centre",6,3
"243174","R25",10.44,0.27,"At.Centre",5,2
"243174","R26",11.18,0.14,"At.Centre",6,2
"243174","R27",9,0,"At.Margin",13,7
"243351","R1",9,0,"At.Margin",8,4
"243351","R2",6.71,0,"At.Margin",8,4
"243351","R3",14,0.01,"At.Centre",7,2
"243351","R4",28.23,0.73,"At.Centre",6,3
"243351","R5",25.5,0.47,"At.Centre",9,4
"243351","R6",12.21,0.03,"At.Centre",8,3
"243351","R7",7.07,0,"At.Margin",2,1
"243351","R11",18.97,0.47,"At.Centre",9,4
"243351","R12",9.22,0.01,"At.Margin",4,1
"243351","R15",18.87,0.96,"At.Centre",2,1
"243351","R16",11.66,0,"At.Centre",8,6
"243351","R17",18.44,0.43,"At.Centre",6,3
"243351","R18",34.48,0.49,"At.Centre",8,4
"243351","R19",28,0.8,"At.Centre",7,5
"243351","R20",8,0.0600000000000001,"At.Margin",8,3
"243351","R21",8.94,0,"At.Margin",6,3
"243351","R22",21.95,0.59,"At.Centre",4,2
"243351","R23",20,0.54,"At.Centre",6,2
"243351","R24",6.71,0,"At.Margin",6,4
"243351","R25",4.12,0,"At.Margin",6,3
"243366","R1",11.18,0.15,"At.Centre",6,3
"243366","R2",14.32,0.28,"At.Centre",7,4
"243366","R3",21.84,0.59,"At.Centre",8,6
"243366","R4",17,0.41,"At.Centre",6,4
"243366","R5",17.2,0.49,"At.Centre",7,4
"243366","R6",30.36,0.52,"At.Centre",8,4
"243366","R7",33.73,0.75,"At.Centre",8,5
"243366","R8",40.72,0.48,"At.Centre",8,4
"243366","R9",25.32,0.52,"At.Centre",8,3
"243366","R10",6,0,"At.Margin",7,4
"243366","R11",23.77,0.47,"At.Centre",8,5
"243366","R12",41.88,0.44,"At.Centre",23,14
"243366","R15",26.08,0.95,"At.Centre",2,1
"243366","R16",6.32,0,"At.Margin",10,4
"243366","R17",14.21,0.28,"At.Centre",5,3
"243366","R18",26,0.76,"At.Centre",4,2
"243366","R21",28,0.97,"At.Centre",2,1
"243366","R22",9.06,0.05,"At.Margin",8,4
"243366","R23",6,0,"At.Margin",4,2
"243366","R24",14.56,0.46,"At.Centre",3,1
"243366","R25",15.81,0.78,"At.Centre",3,1
"243366","R26",8,0,"At.Margin",4,1
"243366","R27",4.47,0,"At.Margin",6,3
"243503","R1",12.04,0.05,"At.Centre",6,3
"243503","R2",22,0.77,"At.Centre",5,2
"243503","R3",14.42,0.44,"At.Centre",4,2
"243503","R4",11,0.11,"At.Centre",2,1
"243503","R5",4.12,0,"At.Margin",10,4
"243503","R6",22.83,0.53,"At.Centre",9,5
"243503","R7",39.82,0.44,"At.Centre",12,9
"243503","R8",32.98,0.94,"At.Centre",11,6
"243503","R10",14.87,0.61,"At.Centre",3,1
"243503","R11",9,0,"At.Margin",7,4
"243503","R12",28.64,0.56,"At.Centre",6,4
"243503","R13",48.27,0.48,"At.Centre",18,8
"243503","R14",41.23,0.86,"At.Centre",13,7
"243503","R16",17.46,0.75,"At.Centre",2,1
"243503","R17",4.47,0,"At.Margin",7,3
"243503","R18",22.02,0.48,"At.Centre",9,4
"243503","R19",34.06,0.51,"At.Centre",6,3
"243503","R20",24.08,0.89,"At.Centre",6,3
"243503","R21",17.2,0.72,"At.Centre",4,1
"243503","R22",6.32,0,"At.Margin",5,1
"243503","R23",8.54,0,"At.Margin",9,6
"243503","R24",14.14,0.37,"At.Centre",6,3
"243503","R25",10.77,0.35,"At.Centre",7,4
"244166","R1",7.81,0.01,"At.Margin",3,1
"244166","R2",7.62,0,"At.Margin",3,1
"244166","R3",3.61,0,"At.Margin",8,4
"244166","R4",11.7,0.29,"At.Centre",5,1
"244166","R7",21,0.92,"At.Centre",3,2
"244166","R8",17,0.53,"At.Centre",4,2
"244166","R9",6.71,0,"At.Margin",10,5
"244166","R10",24.7,0.87,"At.Centre",8,6
"244166","R13",41,0.47,"At.Centre",9,2
"244166","R14",26.25,0.63,"At.Centre",3,2
"244166","R15",8,0,"At.Margin",5,2
"244166","R16",21.59,0.54,"At.Centre",11,6
"244166","R17",36.24,0.78,"At.Centre",7,5
"244166","R19",33.24,0.54,"At.Centre",5,2
"244166","R20",22.47,0.58,"At.Centre",3,2
"244166","R21",5,0,"At.Margin",5,2
"244166","R22",8.49,0,"At.Margin",7,5
"244166","R23",18.38,0.51,"At.Centre",9,7
"244166","R24",19.65,0.51,"At.Centre",6,3
"244166","R25",13.6,0.22,"At.Centre",6,4
"244166","R26",7.28,0.15,"At.Margin",4,2
"244903","R1",7.07,0,"At.Margin",7,4
"244903","R2",3.61,0,"At.Margin",9,4
"244903","R3",9.85,0.08,"At.Margin",8,4
"244903","R4",10.82,0.29,"At.Centre",3,1
"244903","R5",20.52,0.95,"At.Centre",3,1
"244903","R6",16.16,0.46,"At.Centre",5,3
"244903","R7",12.04,0.1,"At.Centre",7,5
"244903","R8",27.89,0.86,"At.Centre",5,3
"244903","R12",11.66,0.34,"At.Centre",8,3
"244903","R13",8,0,"At.Margin",9,5
"244903","R14",28,0.99,"At.Centre",2,1
"244903","R17",17.69,0.85,"At.Centre",2,1
"244903","R18",4.12,0,"At.Margin",8,4
"244903","R19",5.83,0,"At.Margin",6,4
"244903","R20",22.47,0.52,"At.Centre",8,4
"244903","R21",26.93,0.99,"At.Centre",4,2
"244903","R22",15.26,0.77,"At.Centre",3,1
"244903","R23",5.1,0,"At.Margin",3,1
"244903","R24",5,0,"At.Margin",7,3
"244903","R25",10.44,0.03,"At.Centre",7,4
"244903","R26",3.61,0,"At.Margin",10,5
"294449","R1",14.42,0.46,"At.Centre",10,6
"294449","R2",21.02,0.43,"At.Centre",11,5
"294449","R3",12.04,0.18,"At.Centre",9,6
"294449","R4",11.18,0.1,"At.Centre",10,4
"294449","R5",22.09,0.54,"At.Centre",8,5
"294449","R6",28.6,0.78,"At.Centre",11,6
"294449","R7",39.96,0.54,"At.Centre",12,8
"294449","R8",24.7,0.46,"At.Centre",10,7
"294449","R9",6.08,0,"At.Margin",10,6
"294449","R10",4.47,0,"At.Margin",9,5
"294449","R11",23.32,0.46,"At.Centre",6,4
"294449","R12",39.05,0.46,"At.Centre",11,6
"294449","R13",46.24,0.97,"At.Centre",5,3
"294449","R15",18.6,0.92,"At.Centre",6,3
"294449","R16",5,0,"At.Margin",12,8
"294449","R17",5.83,0,"At.Margin",6,3
"294449","R18",25,0.63,"At.Centre",9,3
"294449","R19",41.88,0.46,"At.Centre",21,11
"294449","R20",36.69,0.89,"At.Centre",9,6
"294449","R22",13.93,0.49,"At.Centre",3,1
"294449","R23",14.14,0.22,"At.Centre",8,5
"294449","R24",24.19,0.47,"At.Centre",9,5
"294449","R25",18.6,0.92,"At.Centre",6,3
"294449","R26",14.14,0.48,"At.Centre",3,1
"294449","R27",3.61,0,"At.Margin",5,1
"294449","R28",5.1,0,"At.Margin",6,3
"294449","R29",5.83,0,"At.Margin",7,3
"297059","R1",5,0.03,"At.Margin",8,4
"297059","R2",9.43,0.01,"At.Margin",2,1
"297059","R3",13.89,0.28,"At.Centre",4,1
"297059","R4",25,0.67,"At.Centre",7,4
"297059","R5",17.03,0.43,"At.Centre",8,4
"297059","R6",10.05,0.0600000000000001,"At.Centre",2,1
"297059","R9",41.87,0.61,"At.Centre",13,8
"297059","R10",29.83,0.59,"At.Centre",7,4
"297059","R11",11.4,0.19,"At.Centre",7,4
"297059","R12",11.05,0.32,"At.Centre",2,1
"297059","R15",42.76,0.57,"At.Centre",17,9
"297059","R16",29.53,0.51,"At.Centre",11,6
"297059","R17",11.05,0.05,"At.Centre",6,4
"297059","R18",17,0.48,"At.Centre",5,3
"297059","R19",21.21,0.96,"At.Centre",2,1
"297059","R21",23.41,0.94,"At.Centre",4,2
"297059","R22",18.38,0.42,"At.Centre",9,6
"297059","R23",6.71,0,"At.Margin",8,5
"297592","R1",12.81,0.16,"At.Centre",8,5
"297592","R2",23.09,0.68,"At.Centre",7,4
"297592","R3",20.88,0.49,"At.Centre",8,5
"297592","R4",9.22,0.01,"At.Margin",7,4
"297592","R5",7.62,0,"At.Margin",8,4
"297592","R6",25,0.52,"At.Centre",11,6
"297592","R7",41.04,0.56,"At.Centre",13,9
"297592","R8",37.48,0.53,"At.Centre",11,5
"297592","R9",21.4,0.61,"At.Centre",7,4
"297592","R10",14.32,0.3,"At.Centre",9,6
"297592","R11",33.84,0.43,"At.Centre",11,7
"297592","R12",41.79,0.42,"At.Centre",23,12
"297592","R13",47.42,0.65,"At.Centre",20,9
"297592","R14",30.48,0.62,"At.Centre",12,6
"297592","R15",13.89,0.27,"At.Centre",10,8
"297592","R16",10.3,0.0600000000000001,"At.Centre",7,5
"297592","R17",19.24,0.53,"At.Centre",7,5
"297592","R20",38.08,0.59,"At.Centre",8,3
"297592","R21",20.88,0.59,"At.Centre",7,4
"297592","R22",9.43,0.01,"At.Margin",4,1
"297592","R23",12.17,0.38,"At.Centre",3,1
"297592","R24",20.62,0.52,"At.Centre",5,2
"297592","R25",11.18,0.04,"At.Centre",5,2
"297979","R1",6,0,"At.Margin",8,4
"297979","R2",16.64,0.38,"At.Centre",7,5
"297979","R3",25,0.77,"At.Centre",5,3
"297979","R6",12.73,0.44,"At.Centre",4,1
"297979","R7",21.93,0.48,"At.Centre",5,3
"297979","R8",40.71,0.71,"At.Centre",4,2
"297979","R12",7.07,0,"At.Margin",2,1
"297979","R13",14.87,0.29,"At.Centre",6,3
"297979","R18",7,0.01,"At.Margin",3,1
"297979","R19",15.52,0.61,"At.Centre",3,1
"297979","R22",23.09,0.96,"At.Centre",2,1
"297979","R23",12,0.23,"At.Centre",7,3
"297979","R24",7,0,"At.Margin",4,1
"297979","R25",9,0.03,"At.Margin",2,1
"297979","R26",6.4,0,"At.Margin",6,3
"298326","R1",8.25,0,"At.Margin",5,3
"298326","R2",4,0,"At.Margin",8,3
"298326","R3",19,0.63,"At.Centre",5,2
"298326","R4",23.71,0.63,"At.Centre",4,1
"298326","R5",13.93,0,"At.Centre",6,2
"298326","R6",10.2,0.09,"At.Centre",4,1
"298326","R10",13.93,0.05,"At.Centre",5,3
"298326","R11",13,0.42,"At.Centre",3,1
"298326","R15",13.04,0,"At.Centre",13,7
"298326","R16",5.83,0,"At.Margin",2,1
"298326","R17",17.26,0.8,"At.Centre",3,1
"298326","R19",32.8,0.48,"At.Centre",7,4
"298326","R20",15,0.23,"At.Centre",6,3
"298326","R21",15.65,0.19,"At.Centre",8,5
"298326","R22",16.49,0.48,"At.Centre",7,4
"298326","R23",5,0,"At.Margin",10,5
"307123","R1",7.07,0,"At.Margin",7,3
"307123","R2",15,0.41,"At.Centre",5,2
"307123","R3",11.18,0.09,"At.Centre",8,3
"307123","R4",9.85,0.1,"At.Margin",5,1
"307123","R5",17.69,0.86,"At.Centre",2,1
"307123","R6",34.01,0.54,"At.Centre",9,6
"307123","R7",28.32,0.46,"At.Centre",11,6
"307123","R8",12.08,0.16,"At.Centre",6,4
"307123","R9",9,0,"At.Margin",3,1
"307123","R12",45.97,0.49,"At.Centre",26,14
"307123","R13",38.33,0.46,"At.Centre",9,4
"307123","R14",19.42,0.54,"At.Centre",9,6
"307123","R15",11,0.03,"At.Centre",3,1
"307123","R18",38.08,0.68,"At.Centre",7,5
"307123","R19",34.21,0.52,"At.Centre",8,4
"307123","R20",17.46,0.43,"At.Centre",5,3
"307123","R21",14.32,0.59,"At.Centre",2,1
"307123","R22",17,0.77,"At.Centre",2,1
"307123","R23",19.24,0.75,"At.Centre",4,2
"307123","R24",19.42,0.48,"At.Centre",6,3
"307123","R25",7.07,0,"At.Margin",6,4
"307128","R1",6.71,0.04,"At.Margin",5,2
"307128","R2",19.31,0.49,"At.Centre",4,2
"307128","R3",15.62,0.37,"At.Centre",9,6
"307128","R4",17.69,0.91,"At.Centre",2,1
"307128","R6",34.71,0.66,"At.Centre",9,6
"307128","R7",29.07,0.51,"At.Centre",16,8
"307128","R8",11.7,0.09,"At.Centre",9,5
"307128","R10",39.05,0.9,"At.Centre",7,3
"307128","R11",51.43,0.52,"At.Centre",26,14
"307128","R12",35.36,0.52,"At.Centre",11,7
"307128","R13",15.81,0.37,"At.Centre",7,4
"307128","R14",11.18,0.23,"At.Centre",2,1
"307128","R15",30.41,0.72,"At.Centre",6,3
"307128","R16",39.81,0.61,"At.Centre",9,4
"307128","R17",27.46,0.57,"At.Centre",5,3
"307128","R18",9.85,0.04,"At.Margin",6,4
"307128","R19",8.25,0,"At.Margin",8,5
"307128","R20",20.81,0.53,"At.Centre",9,2
"307128","R21",21.02,0.56,"At.Centre",8,5
"307128","R22",12.53,0.18,"At.Centre",5,2
"307200","R1",5,0,"At.Margin",5,3
"307200","R2",12,0.18,"At.Centre",11,6
"307200","R3",7.21,0,"At.Margin",6,3
"307200","R4",7.62,0,"At.Margin",8,3
"307200","R5",21.4,0.61,"At.Centre",8,5
"307200","R6",31.02,0.52,"At.Centre",8,4
"307200","R7",22.85,0.63,"At.Centre",6,4
"307200","R8",4.12,0,"At.Margin",6,2
"307200","R9",15.81,0.54,"At.Centre",6,3
"307200","R10",34.89,0.53,"At.Centre",11,6
"307200","R11",43.57,0.47,"At.Centre",25,13
"307200","R13",6.32,0,"At.Margin",4,1
"307200","R14",18.68,0.49,"At.Centre",5,2
"307200","R15",38.33,0.49,"At.Centre",15,9
"307200","R16",45.35,0.51,"At.Centre",26,14
"307200","R18",7,0,"At.Margin",4,1
"307200","R19",13,0.41,"At.Centre",7,4
"307200","R20",30,0.53,"At.Centre",10,5
"307200","R21",39.82,0.48,"At.Centre",9,5
"307200","R22",24.74,0.59,"At.Centre",10,4
"307200","R23",7.07,0,"At.Margin",9,6
"307200","R24",14.76,0.24,"At.Centre",7,5
"307200","R25",21.19,0.51,"At.Centre",6,3
"307200","R26",13.42,0.3,"At.Centre",6,3
"307201","R1",7.21,0,"At.Margin",5,3
"307201","R2",7.21,0,"At.Margin",2,1
"307201","R3",19.24,0.97,"At.Centre",2,1
"307201","R5",25,0.95,"At.Centre",2,1
"307201","R6",18.36,0.47,"At.Centre",8,5
"307201","R7",5.39,0,"At.Margin",6,4
"307201","R8",18.03,0.84,"At.Centre",3,1
"307201","R12",31.58,0.49,"At.Centre",13,8
"307201","R13",12.53,0.13,"At.Centre",9,4
"307201","R14",19.65,0.96,"At.Centre",2,1
"307201","R18",16.28,0.46,"At.Centre",6,3
"307201","R19",7.81,0,"At.Margin",5,2
"307201","R20",13.42,0.35,"At.Centre",3,1
"307201","R23",17.03,0.87,"At.Centre",2,1
"307201","R24",8.94,0,"At.Margin",4,1
"307201","R25",9.22,0.15,"At.Margin",4,1
"307883","R1",11.4,0,"At.Centre",13,6
"307883","R2",6.71,0,"At.Margin",8,3
"307883","R3",9.06,0,"At.Margin",3,2
"307883","R4",6.71,0.03,"At.Margin",3,1
"307883","R5",23.77,0.91,"At.Centre",7,3
"307883","R6",21.1,0.54,"At.Centre",8,5
"307883","R7",4.12,0,"At.Margin",12,8
"307883","R8",13.89,0.25,"At.Centre",5,2
"307883","R9",27.31,0.49,"At.Centre",4,2
"307883","R12",31.4,0.94,"At.Centre",5,3
"307883","R13",14.42,0.37,"At.Centre",6,4
"307883","R14",19.65,0.49,"At.Centre",6,2
"307883","R15",38.83,0.65,"At.Centre",14,4
"307883","R16",40.02,0.95,"At.Centre",3,2
"307883","R19",16.64,0.28,"At.Centre",7,5
"307883","R20",13.04,0.38,"At.Centre",3,2
"307883","R21",28.23,0.38,"At.Centre",4,2
"307883","R22",21.02,0.9,"At.Centre",4,2
"307883","R23",20.25,0.97,"At.Centre",2,1
"307883","R24",10.44,0.14,"At.Centre",4,1
"307883","R25",9.85,0.04,"At.Margin",5,2
"307883","R26",6.32,0,"At.Margin",4,2
"307883","R27",5,0,"At.Margin",6,2
"308370","R1",10.05,0.09,"At.Centre",5,2
"308370","R2",6.32,0,"At.Margin",5,2
"308370","R3",11.05,0.13,"At.Centre",3,1
"308370","R4",15.23,0.54,"At.Centre",4,1
"308370","R5",29.07,0.56,"At.Centre",3,2
"308370","R6",23.71,0.49,"At.Centre",4,2
"308370","R7",9.22,0,"At.Margin",4,2
"308370","R8",11.66,0.23,"At.Centre",3,1
"308370","R11",42.8,0.65,"At.Centre",20,9
"308370","R12",36.62,0.48,"At.Centre",4,2
"308370","R13",19.31,0.52,"At.Centre",5,2
"308370","R14",14.42,0.67,"At.Centre",3,1
"308370","R17",44.01,0.59,"At.Centre",19,7
"308370","R18",36.72,0.51,"At.Centre",4,2
"308370","R19",18.25,0.46,"At.Centre",3,2
"308370","R20",5,0,"At.Margin",4,1
"308370","R21",17.2,0.87,"At.Centre",2,1
"308370","R22",21.02,0.96,"At.Centre",2,1
"308370","R23",26.4,0.7,"At.Centre",3,2
"308370","R24",23.26,0.47,"At.Centre",7,3
"308370","R25",9.22,0,"At.Margin",3,2
"308370","R26",11,0.1,"At.Centre",4,2
"308370","R27",5.83,0,"At.Margin",6,2
"321015","R1",7,0,"At.Margin",8,4
"321015","R2",8.49,0,"At.Margin",8,5
"321015","R3",19.85,0.59,"At.Centre",10,5
"321015","R4",26.31,0.53,"At.Centre",10,4
"321015","R5",17.49,0.46,"At.Centre",10,4
"321015","R6",3.61,0,"At.Margin",9,6
"321015","R7",18.97,0.46,"At.Centre",9,3
"321015","R8",36.62,0.52,"At.Centre",8,3
"321015","R9",44.92,0.53,"At.Centre",25,13
"321015","R10",31.83,0.46,"At.Centre",11,7
"321015","R11",18.44,0.49,"At.Centre",7,5
"321015","R12",6.32,0,"At.Margin",10,6
"321015","R13",23.77,0.58,"At.Centre",12,8
"321015","R14",42.95,0.92,"At.Centre",6,4
"321015","R15",47.85,0.52,"At.Centre",8,5
"321015","R16",43.01,0.57,"At.Centre",11,7
"321015","R17",25,0.49,"At.Centre",10,6
"321015","R18",5,0,"At.Margin",8,3
"321015","R19",8.54,0,"At.Margin",5,3
"321015","R20",23.26,0.57,"At.Centre",8,4
"321015","R23",23.02,0.92,"At.Centre",7,4
"321015","R24",16.28,0.43,"At.Centre",7,4
"321015","R25",4,0,"At.Margin",8,5
"321015","R26",11.05,0.14,"At.Centre",5,1
"321015","R27",13.45,0.35,"At.Centre",2,1
"321015","R28",3.16,0,"At.Margin",6,3
"321469","R1",11.4,0.14,"At.Centre",5,3
"321469","R2",8.54,0.01,"At.Margin",8,4
"321469","R3",8.49,0.01,"At.Margin",3,1
"321469","R4",25.63,0.86,"At.Centre",6,4
"321469","R5",24,0.57,"At.Centre",6,4
"321469","R6",4,0,"At.Margin",12,7
"321469","R7",6.4,0,"At.Margin",7,5
"321469","R8",13.15,0.37,"At.Centre",5,2
"321469","R11",19,0.89,"At.Centre",2,1
"321469","R12",6.32,0,"At.Margin",10,5
"321469","R13",16.16,0.73,"At.Centre",4,2
"321469","R17",13.45,0.27,"At.Centre",9,4
"321469","R18",21,0.97,"At.Centre",2,1
"321469","R19",41,0.75,"At.Centre",11,7
"321469","R20",35.81,0.51,"At.Centre",10,4
"321469","R21",18.44,0.51,"At.Centre",7,3
"321469","R22",18.03,0.47,"At.Centre",8,4
"321469","R23",28.16,0.59,"At.Centre",7,3
"321469","R24",22.67,0.51,"At.Centre",10,5
"321469","R25",9.06,0.03,"At.Margin",11,6
"321469","R26",8.94,0.03,"At.Margin",7,3
"321469","R27",5.39,0,"At.Margin",9,5
"363722","R1",8.49,0,"At.Margin",4,1
"363722","R2",11.18,0.08,"At.Centre",2,1
"363722","R3",3.61,0,"At.Margin",3,1
"363722","R4",11.18,0,"At.Centre",7,3
"363722","R5",18,0.76,"At.Centre",2,1
"363722","R8",16.16,0.78,"At.Centre",3,1
"363722","R9",19.42,0.54,"At.Centre",7,4
"363722","R10",38,0.76,"At.Centre",5,3
"363722","R14",10.63,0,"At.Centre",5,2
"363722","R15",19.65,0.53,"At.Centre",6,3
"363722","R16",34.93,0.61,"At.Centre",6,3
"363722","R17",28.44,0.99,"At.Centre",2,1
"363722","R19",25,0.7,"At.Centre",4,2
"363722","R20",8.94,0,"At.Margin",5,2
"363722","R21",8.94,0,"At.Margin",6,3
"363722","R22",15,0.11,"At.Centre",6,3
"363722","R23",9.43,0,"At.Margin",9,5
"363722","R24",6.08,0,"At.Margin",8,5
"363722","R25",7,0,"At.Margin",6,4
"363875","R1",8.06,0,"At.Margin",6,3
"363875","R2",8.54,0.04,"At.Margin",6,2
"363875","R3",10.2,0.05,"At.Centre",6,4
"363875","R4",25.81,0.47,"At.Centre",8,4
"363875","R5",25,0.49,"At.Centre",5,2
"363875","R6",7.81,0.04,"At.Margin",5,1
"363875","R7",15.81,0.47,"At.Centre",7,4
"363875","R8",35.36,0.59,"At.Centre",9,5
"363875","R9",36.07,0.86,"At.Centre",7,4
"363875","R11",13.04,0.25,"At.Centre",2,1
"363875","R12",19.92,0.54,"At.Centre",9,4
"363875","R13",38.9,0.52,"At.Centre",7,4
"363875","R14",39,0.58,"At.Centre",7,3
"363875","R17",13,0.08,"At.Centre",8,6
"363875","R18",14.32,0.47,"At.Centre",7,4
"363875","R19",24.84,0.47,"At.Centre",6,3
"363875","R20",19,0.9,"At.Centre",2,1
"363875","R22",32.98,0.95,"At.Centre",6,4
"363875","R23",17.26,0.48,"At.Centre",7,4
"363875","R24",6,0,"At.Margin",5,3
"363875","R25",8.06,0,"At.Margin",7,4
"363875","R26",13.93,0.28,"At.Centre",8,6
"363875","R27",7.62,0,"At.Margin",8,4
"364365","R1",13.34,0.32,"At.Centre",6,2
"364365","R2",18,0.68,"At.Centre",5,3
"364365","R3",15.03,0.67,"At.Centre",3,1
"364365","R4",20,0.47,"At.Centre",7,4
"364365","R5",10.3,0.09,"At.Centre",8,5
"364365","R6",9.06,0,"At.Margin",11,6
"364365","R7",27.89,0.47,"At.Centre",6,4
"364365","R10",38.29,0.62,"At.Centre",5,3
"364365","R11",19.65,0.51,"At.Centre",8,3
"364365","R12",8.06,0,"At.Margin",7,3
"364365","R13",25.61,0.42,"At.Centre",9,5
"364365","R17",15.52,0.29,"At.Centre",11,5
"364365","R18",9.06,0,"At.Margin",10,5
"364365","R19",11,0.16,"At.Centre",2,1
"364365","R20",16.12,0.65,"At.Centre",3,1
"364365","R21",23.32,0.82,"At.Centre",6,4
"364365","R22",5.1,0,"At.Margin",8,5
"364365","R23",4.47,0,"At.Margin",6,4
"365170","R1",3.61,0,"At.Margin",6,1
"365170","R2",14.76,0.56,"At.Centre",4,1
"365170","R3",17.26,0.84,"At.Centre",3,1
"365170","R4",10.3,0.0600000000000001,"At.Centre",3,1
"365170","R5",15.62,0.7,"At.Centre",2,1
"365170","R9",5,0,"At.Margin",3,1
"365170","R10",18.44,0.95,"At.Centre",2,1
"365170","R14",5.83,0,"At.Margin",3,1
"365170","R15",13.42,0.54,"At.Centre",4,1
"365170","R18",17.03,0.95,"At.Centre",2,1
"365170","R19",15,0.0600000000000001,"At.Centre",2,1
"365170","R20",8.25,0.09,"At.Margin",3,1
"38519","R1",5.83,0,"At.Margin",3,1
"38519","R2",6,0,"At.Margin",3,1
"38519","R3",5.66,0,"At.Margin",12,7
"38519","R4",15,0.16,"At.Centre",3,1
"38519","R7",14.87,0.47,"At.Centre",3,1
"38519","R8",15.3,0.29,"At.Centre",6,3
"38519","R9",33.62,0.63,"At.Centre",5,3
"38519","R10",40.31,0.86,"At.Centre",9,6
"38519","R12",16.49,0.76,"At.Centre",3,1
"38519","R13",13.89,0.29,"At.Centre",9,6
"38519","R14",30.61,0.53,"At.Centre",9,6
"38519","R15",44.82,0.49,"At.Centre",22,12
"38519","R16",37.36,0.65,"At.Centre",8,3
"38519","R17",18.87,0.71,"At.Centre",7,5
"38519","R18",16.97,0.38,"At.Centre",9,5
"38519","R19",26.93,0.46,"At.Centre",9,5
"38519","R20",27.46,0.47,"At.Centre",7,3
"38519","R21",17.8,0.42,"At.Centre",7,3
"38519","R22",8,0,"At.Margin",8,5
"38519","R23",8,0,"At.Margin",9,4
"89041","R1",11.66,0.01,"At.Centre",5,1
"89041","R2",11.18,0.08,"At.Centre",7,1
"89041","R3",3.61,0,"At.Margin",3,1
"89041","R4",3.61,0,"At.Margin",9,6
"89041","R5",13.04,0.28,"At.Centre",5,2
"89041","R8",15.81,0.85,"At.Centre",3,1
"89041","R9",15.62,0.35,"At.Centre",11,6
"89041","R10",31.83,0.51,"At.Centre",8,5
"89041","R11",39.12,0.94,"At.Centre",9,5
"89041","R13",18,0.91,"At.Centre",2,1
"89041","R14",22.8,0.58,"At.Centre",7,5
"89041","R15",42.43,0.46,"At.Centre",22,11
"89041","R16",51.48,0.51,"At.Centre",26,14
"89041","R17",34.83,0.92,"At.Centre",6,4
"89041","R18",23.09,0.78,"At.Centre",5,3
"89041","R19",5,0,"At.Margin",6,4
"89041","R20",16.55,0.54,"At.Centre",7,3
"89041","R21",31.91,0.57,"At.Centre",10,5
"89041","R22",32.56,0.51,"At.Centre",6,4
"89041","R23",24.7,0.59,"At.Centre",7,4
"89041","R24",7.07,0,"At.Margin",10,5
"89041","R25",5,0,"At.Margin",8,5
"89041","R26",12.17,0.16,"At.Centre",8,5
"89041","R27",13,0.16,"At.Centre",7,5
"89041","R28",7.28,0,"At.Margin",8,5
"89624","R1",7.81,0,"At.Margin",8,6
"89624","R2",17.72,0.38,"At.Centre",5,3
"89624","R3",11.66,0.01,"At.Centre",7,3
"89624","R4",19.65,0.48,"At.Centre",8,5
"89624","R5",36.07,0.44,"At.Centre",10,4
"89624","R6",24.17,0.7,"At.Centre",7,3
"89624","R7",6.32,0,"At.Margin",4,2
"89624","R8",10.77,0.16,"At.Centre",7,3
"89624","R9",26.93,0.48,"At.Centre",9,4
"89624","R12",11.66,0.19,"At.Centre",4,1
"89624","R13",15.52,0.27,"At.Centre",5,3
"89624","R14",34.79,0.56,"At.Centre",8,4
"89624","R17",14.14,0.49,"At.Centre",5,1
"89624","R18",7.62,0,"At.Margin",9,5
"89624","R19",21.93,0.65,"At.Centre",7,5
"89624","R20",38.91,0.43,"At.Centre",10,7
"89624","R21",33.96,0.52,"At.Centre",11,7
"89624","R22",15.26,0.63,"At.Centre",5,2
"89624","R23",11.4,0.08,"At.Centre",7,4
"89624","R24",25.94,0.47,"At.Centre",9,4
"89624","R25",26.4,0.53,"At.Centre",11,6
"89624","R26",13.89,0.16,"At.Centre",8,4
"89624","R27",7.62,0,"At.Margin",6,3
"89624","R28",7.62,0,"At.Margin",8,3
